0,E1,5999,normal,[],3851,0,2149,0,0.6418333333333334,0.3581666666666667,0,0.0,0,0,37.842358112335205
0,E1,5999,normal,[],5700,0,300,0,0.95,0.05,0,0.0,0,0,0.8370492458343506
0,E1,5999,outlier,[0],5698,2,242,58,0.9593333333333334,0.040740740740740744,0.9666666666666667,0.19333333333333333,0.32222222222222224,0,0.4985239505767822
0,E1,5999,outlier,[1],5697,3,243,57,0.959,0.04090909090909091,0.95,0.19,0.3166666666666667,0,0.48424816131591797
0,E1,5999,outlier,[2],5700,0,240,60,0.96,0.04040404040404041,1.0,0.2,0.33333333333333337,0,0.47908592224121094
0,E1,5999,outlier,"[0, 1]",5700,0,240,60,0.96,0.04040404040404041,1.0,0.2,0.33333333333333337,0,0.49631810188293457
0,E1,5999,outlier,"[0, 2]",5700,0,240,60,0.96,0.04040404040404041,1.0,0.2,0.33333333333333337,0,0.5039243698120117
0,E1,5999,outlier,"[1, 2]",5700,0,240,60,0.96,0.04040404040404041,1.0,0.2,0.33333333333333337,0,0.5747981071472168
0,E1,5999,outlier,"[0, 1, 2]",5700,0,240,60,0.96,0.04040404040404041,1.0,0.2,0.33333333333333337,0,0.4961259365081787
0,E1,5999,constant,[0],5700,0,240,60,0.96,0.04040404040404041,1.0,0.2,0.33333333333333337,0,0.4618980884552002
0,E1,5999,constant,[1],5700,0,240,60,0.96,0.04040404040404041,1.0,0.2,0.33333333333333337,0,0.48171210289001465
0,E1,5999,constant,[2],5700,0,240,60,0.96,0.04040404040404041,1.0,0.2,0.33333333333333337,0,0.4750821590423584
0,E1,5999,constant,"[0, 1]",5700,0,240,60,0.96,0.04040404040404041,1.0,0.2,0.33333333333333337,0,0.5527939796447754
0,E1,5999,constant,"[0, 2]",5700,0,240,60,0.96,0.04040404040404041,1.0,0.2,0.33333333333333337,0,0.47771692276000977
0,E1,5999,constant,"[1, 2]",5700,0,240,60,0.96,0.04040404040404041,1.0,0.2,0.33333333333333337,0,0.4823188781738281
0,E1,5999,constant,"[0, 1, 2]",5700,0,240,60,0.96,0.04040404040404041,1.0,0.2,0.33333333333333337,0,0.4844329357147217
0,E1,5999,noise,[0],5670,30,270,30,0.95,0.045454545454545456,0.5,0.1,0.16666666666666669,0,0.6265599727630615
0,E1,5999,noise,[1],5669,32,271,28,0.9495,0.04562289562289562,0.4666666666666667,0.09364548494983277,0.15598885793871864,0,0.5478639602661133
0,E1,5999,noise,[2],5700,0,240,60,0.96,0.04040404040404041,1.0,0.2,0.33333333333333337,0,0.46785497665405273
0,E1,5999,noise,"[0, 1]",5693,8,247,52,0.9575,0.04158249158249158,0.8666666666666667,0.17391304347826086,0.2896935933147633,0,0.47699403762817383
0,E1,5999,noise,"[0, 2]",5700,0,240,60,0.96,0.04040404040404041,1.0,0.2,0.33333333333333337,0,0.47882080078125
0,E1,5999,noise,"[1, 2]",5700,0,240,60,0.96,0.04040404040404041,1.0,0.2,0.33333333333333337,0,0.49034786224365234
0,E1,5999,noise,"[0, 1, 2]",5700,0,240,60,0.96,0.04040404040404041,1.0,0.2,0.33333333333333337,0,0.48448896408081055
0,E1,5999,normal,[],5700,0,300,0,0.95,0.05,0,0.0,0,0,0.5325920581817627
0,E1,5999,outlier,[0],5700,0,240,60,0.96,0.04040404040404041,1.0,0.2,0.33333333333333337,0,0.4743649959564209
0,E1,5999,outlier,[1],5696,4,244,56,0.9586666666666667,0.04107744107744108,0.9333333333333333,0.18666666666666668,0.31111111111111106,0,0.4703238010406494
0,E1,5999,outlier,[2],5700,0,240,60,0.96,0.04040404040404041,1.0,0.2,0.33333333333333337,0,0.47404003143310547
0,E1,5999,outlier,"[0, 1]",5700,0,240,60,0.96,0.04040404040404041,1.0,0.2,0.33333333333333337,0,0.47954607009887695
0,E1,5999,outlier,"[0, 2]",5700,0,240,60,0.96,0.04040404040404041,1.0,0.2,0.33333333333333337,0,0.48527073860168457
0,E1,5999,outlier,"[1, 2]",5700,0,240,60,0.96,0.04040404040404041,1.0,0.2,0.33333333333333337,0,0.5552828311920166
0,E1,5999,outlier,"[0, 1, 2]",5700,0,240,60,0.96,0.04040404040404041,1.0,0.2,0.33333333333333337,0,0.5005922317504883
0,E1,5999,constant,[0],5700,0,240,60,0.96,0.04040404040404041,1.0,0.2,0.33333333333333337,0,0.46088719367980957
0,E1,5999,constant,[1],5701,0,239,60,0.9601666666666666,0.040235690235690236,1.0,0.20066889632107024,0.3342618384401114,0,0.45967817306518555
0,E1,5999,constant,[2],5700,0,240,60,0.96,0.04040404040404041,1.0,0.2,0.33333333333333337,0,0.4518289566040039
0,E1,5999,constant,"[0, 1]",5701,0,239,60,0.9601666666666666,0.040235690235690236,1.0,0.20066889632107024,0.3342618384401114,0,0.6040608882904053
0,E1,5999,constant,"[0, 2]",5700,0,240,60,0.96,0.04040404040404041,1.0,0.2,0.33333333333333337,0,0.6474292278289795
0,E1,5999,constant,"[1, 2]",5700,0,240,60,0.96,0.04040404040404041,1.0,0.2,0.33333333333333337,0,0.47733283042907715
0,E1,30110,normal,[],4504,0,1496,0,0.7506666666666667,0.24933333333333332,0,0.0,0,0,14.428788900375366
0,E1,30110,outlier,[0],4447,47,1493,13,0.7433333333333333,0.2513468013468014,0.21666666666666667,0.008632138114209827,0.016602809706257982,0,4.255046844482422
0,E1,30110,outlier,[1],4445,47,1495,13,0.743,0.2516835016835017,0.21666666666666667,0.008620689655172414,0.016581632653061226,0,4.609618902206421
0,E1,30110,outlier,[2],4447,46,1493,14,0.7435,0.2513468013468014,0.23333333333333334,0.0092899800928998,0.017868538608806633,0,1.9101989269256592
0,E1,30110,outlier,"[0, 1]",4447,4,1493,56,0.7505,0.2513468013468014,0.9333333333333333,0.036152356358941255,0.06960845245494096,0,3.5726640224456787
0,E1,30110,normal,[],4514,0,1486,0,0.7523333333333333,0.24766666666666667,0,0.0,0,0,9.053147077560425
0,E1,30110,outlier,[0],4455,55,1485,5,0.7433333333333333,0.25,0.08333333333333333,0.003355704697986577,0.006451612903225807,0,8.3296959400177
0,E1,30110,normal,[],-4559,0,10559,0,-0.7598333333333334,1.7598333333333334,0,0.0,0,0,1.9849228858947754
0,E1,30110,outlier,[0],-4601,0,10541,60,-0.7568333333333334,1.7745791245791245,1.0,0.005659843410998963,0.01125597973923647,0,1.9452097415924072
0,E1,30110,outlier,[1],-4599,1,10539,59,-0.7566666666666667,1.7742424242424242,0.9833333333333333,0.005567088129835818,0.011071495590167011,0,2.2450830936431885
0,E1,30110,outlier,[2],-4604,0,10544,60,-0.7573333333333333,1.775084175084175,1.0,0.005658242172764994,0.011252813203300826,0,1.6581413745880127
0,E1,30110,normal,[],4619,0,1381,0,0.7698333333333334,0.23016666666666666,0,0.0,0,0,0.3120129108428955
0,E1,30110,outlier,[0],4561,48,1379,12,0.7621666666666667,0.23215488215488214,0.2,0.008626887131560028,0.016540317022742935,0,0.2269599437713623
0,E1,30110,outlier,[1],4562,50,1378,10,0.762,0.231986531986532,0.16666666666666666,0.007204610951008645,0.013812154696132598,0,0.24571490287780762
0,E1,30110,outlier,[2],4562,46,1378,14,0.7626666666666667,0.231986531986532,0.23333333333333334,0.010057471264367816,0.01928374655647383,0,0.2016582489013672
0,E1,30110,outlier,"[0, 1]",4564,8,1376,52,0.7693333333333333,0.23164983164983166,0.8666666666666667,0.036414565826330535,0.06989247311827958,0,0.22071409225463867
0,E1,30110,outlier,"[0, 2]",4562,32,1378,28,0.765,0.231986531986532,0.4666666666666667,0.01991465149359886,0.038199181446111875,0,0.21948599815368652
0,E1,30110,outlier,"[1, 2]",4561,48,1379,12,0.7621666666666667,0.23215488215488214,0.2,0.008626887131560028,0.016540317022742935,0,0.23616409301757812
0,E1,30110,outlier,"[0, 1, 2]",4566,1,1374,59,0.7708333333333334,0.2313131313131313,0.9833333333333333,0.041172365666434056,0.07903549899531145,0,0.24568915367126465
0,E1,30110,constant,[0],4579,40,1361,20,0.7665,0.22912457912457912,0.3333333333333333,0.01448225923244026,0.027758501040943788,0,0.17776179313659668
0,E1,30110,constant,[1],4559,60,1381,0,0.7598333333333334,0.2324915824915825,0.0,0.0,0,0,0.18199610710144043
0,E1,30110,constant,[2],4579,40,1361,20,0.7665,0.22912457912457912,0.3333333333333333,0.01448225923244026,0.027758501040943788,0,0.1753840446472168
0,E1,30110,constant,"[0, 1]",4559,9,1381,51,0.7683333333333333,0.2324915824915825,0.85,0.0356145251396648,0.06836461126005362,0,0.2190110683441162
0,E1,30110,constant,"[0, 2]",4559,60,1381,0,0.7598333333333334,0.2324915824915825,0.0,0.0,0,0,0.19289612770080566
0,E1,30110,constant,"[1, 2]",4579,40,1361,20,0.7665,0.22912457912457912,0.3333333333333333,0.01448225923244026,0.027758501040943788,0,0.1795969009399414
0,E1,30110,constant,"[0, 1, 2]",4559,0,1381,60,0.7698333333333334,0.2324915824915825,1.0,0.041637751561415685,0.07994670219853431,0,0.19862604141235352
0,E1,30110,noise,[0],4564,50,1376,10,0.7623333333333333,0.23164983164983166,0.16666666666666666,0.007215007215007215,0.013831258644536652,0,0.3558049201965332
0,E1,30110,noise,[1],4562,51,1378,9,0.7618333333333334,0.231986531986532,0.15,0.006488824801730353,0.012439530062197649,0,0.16677618026733398
0,E1,30110,noise,[2],4561,47,1379,13,0.7623333333333333,0.23215488215488214,0.21666666666666667,0.009339080459770116,0.017906336088154274,0,0.16638493537902832
0,E1,30110,noise,"[0, 1]",4560,41,1380,19,0.7631666666666667,0.23232323232323232,0.31666666666666665,0.013581129378127233,0.026045236463331047,0,0.19453907012939453
0,E1,30110,noise,"[0, 2]",4559,48,1381,12,0.7618333333333334,0.2324915824915825,0.2,0.008614501076812634,0.01651754989676531,0,0.1715860366821289
0,E1,30110,noise,"[1, 2]",4561,43,1379,17,0.763,0.23215488215488214,0.2833333333333333,0.012177650429799427,0.023351648351648355,0,0.18684101104736328
0,E1,30110,noise,"[0, 1, 2]",4563,32,1377,28,0.7651666666666667,0.2318181818181818,0.4666666666666667,0.0199288256227758,0.03822525597269624,0,0.1922621726989746
0,E1,30110,normal,[],4619,0,1381,0,0.7698333333333334,0.23016666666666666,0,0.0,0,0,0.16313600540161133
0,E1,30110,outlier,[0],4559,53,1381,7,0.761,0.2324915824915825,0.11666666666666667,0.005043227665706052,0.009668508287292817,0,0.21152997016906738
0,E1,30110,outlier,[1],4563,52,1377,8,0.7618333333333334,0.2318181818181818,0.13333333333333333,0.005776173285198556,0.011072664359861591,0,0.17560505867004395
0,E1,30110,outlier,[2],4561,54,1379,6,0.7611666666666667,0.23215488215488214,0.1,0.004332129963898917,0.008304498269896193,0,0.17566204071044922
0,E1,30110,outlier,"[0, 1]",4562,8,1378,52,0.769,0.231986531986532,0.8666666666666667,0.03636363636363636,0.0697986577181208,0,0.21580290794372559
0,E1,30110,outlier,"[0, 2]",4563,32,1377,28,0.7651666666666667,0.2318181818181818,0.4666666666666667,0.0199288256227758,0.03822525597269624,0,0.20893621444702148
0,E1,30110,outlier,"[1, 2]",4560,46,1380,14,0.7623333333333333,0.23232323232323232,0.23333333333333334,0.010043041606886656,0.019257221458046765,0,0.20408010482788086
0,E1,30110,outlier,"[0, 1, 2]",4562,1,1378,59,0.7701666666666667,0.231986531986532,0.9833333333333333,0.04105775922059847,0.0788243152972612,0,0.21050596237182617
0,E1,30110,constant,[0],4559,60,1381,0,0.7598333333333334,0.2324915824915825,0.0,0.0,0,0,0.19692206382751465
0,E1,30110,constant,[1],4559,60,1381,0,0.7598333333333334,0.2324915824915825,0.0,0.0,0,0,0.16361594200134277
0,E1,30110,constant,[2],4559,40,1381,20,0.7631666666666667,0.2324915824915825,0.3333333333333333,0.014275517487508922,0.02737850787132101,0,0.16210412979125977
0,E1,30110,constant,"[0, 1]",4559,40,1381,20,0.7631666666666667,0.2324915824915825,0.3333333333333333,0.014275517487508922,0.02737850787132101,0,0.19506406784057617
0,E1,30110,constant,"[0, 2]",4559,21,1381,39,0.7663333333333333,0.2324915824915825,0.65,0.027464788732394368,0.052702702702702706,0,0.17500782012939453
0,E1,30110,constant,"[1, 2]",4559,40,1381,20,0.7631666666666667,0.2324915824915825,0.3333333333333333,0.014275517487508922,0.02737850787132101,0,0.1990818977355957
0,E1,30110,constant,"[0, 1, 2]",4559,0,1381,60,0.7698333333333334,0.2324915824915825,1.0,0.041637751561415685,0.07994670219853431,0,0.19052600860595703
0,E1,30110,noise,[0],4560,52,1380,8,0.7613333333333333,0.23232323232323232,0.13333333333333333,0.005763688760806916,0.011049723756906077,0,0.15749120712280273
0,E1,30110,noise,[1],4563,50,1377,10,0.7621666666666667,0.2318181818181818,0.16666666666666666,0.007209805335255948,0.013821700069108501,0,0.17619919776916504
0,E1,30110,noise,[2],4561,48,1379,12,0.7621666666666667,0.23215488215488214,0.2,0.008626887131560028,0.016540317022742935,0,0.15896010398864746
0,E1,30110,noise,"[0, 1]",4559,38,1381,22,0.7635,0.2324915824915825,0.36666666666666664,0.015680684248039915,0.030075187969924814,0,0.17137789726257324
0,E1,30110,noise,"[0, 2]",4563,37,1377,23,0.7643333333333333,0.2318181818181818,0.38333333333333336,0.016428571428571428,0.031506849315068496,0,0.19173002243041992
0,E1,30110,noise,"[1, 2]",4562,34,1378,26,0.7646666666666667,0.231986531986532,0.43333333333333335,0.018518518518518517,0.035519125683060114,0,0.18880271911621094
0,E1,30110,noise,"[0, 1, 2]",4565,32,1375,28,0.7655,0.23148148148148148,0.4666666666666667,0.019957234497505347,0.03827751196172249,0,0.19391798973083496
0,E1,30110,normal,[],4619,0,1381,0,0.7698333333333334,0.23016666666666666,0,0.0,0,0,0.1464231014251709
0,E1,30110,outlier,[0],4560,46,1380,14,0.7623333333333333,0.23232323232323232,0.23333333333333334,0.010043041606886656,0.019257221458046765,0,0.17031192779541016
0,E1,30110,outlier,[1],4561,54,1379,6,0.7611666666666667,0.23215488215488214,0.1,0.004332129963898917,0.008304498269896193,0,0.1843280792236328
0,E1,30110,outlier,[2],4560,49,1380,11,0.7618333333333334,0.23232323232323232,0.18333333333333332,0.007907979870596693,0.015161957270847692,0,0.1722393035888672
0,E1,30110,outlier,"[0, 1]",4561,11,1379,49,0.7683333333333333,0.23215488215488214,0.8166666666666667,0.03431372549019608,0.06586021505376345,0,0.18340373039245605
0,E1,30110,outlier,"[0, 2]",4562,37,1378,23,0.7641666666666667,0.231986531986532,0.38333333333333336,0.01641684511063526,0.03148528405201917,0,0.20771288871765137
0,E1,30110,outlier,"[1, 2]",4561,46,1379,14,0.7625,0.23215488215488214,0.23333333333333334,0.010050251256281407,0.019270474879559532,0,0.2100222110748291
0,E1,30110,outlier,"[0, 1, 2]",4560,5,1380,55,0.7691666666666667,0.23232323232323232,0.9166666666666666,0.03832752613240418,0.07357859531772575,0,0.23684191703796387
0,E1,30110,constant,[0],4559,60,1381,0,0.7598333333333334,0.2324915824915825,0.0,0.0,0,0,0.1729269027709961
0,E1,30110,constant,[1],4579,40,1361,20,0.7665,0.22912457912457912,0.3333333333333333,0.01448225923244026,0.027758501040943788,0,0.17762207984924316
0,E1,30110,constant,[2],4577,40,1363,20,0.7661666666666667,0.22946127946127945,0.3333333333333333,0.014461315979754157,0.027720027720027723,0,0.1944890022277832
0,E1,30110,constant,"[0, 1]",4559,20,1381,40,0.7665,0.2324915824915825,0.6666666666666666,0.028149190710767064,0.05401755570560432,0,0.2175159454345703
0,E1,30110,constant,"[0, 2]",4559,20,1381,40,0.7665,0.2324915824915825,0.6666666666666666,0.028149190710767064,0.05401755570560432,0,0.2021028995513916
0,E1,30110,constant,"[1, 2]",4559,40,1381,20,0.7631666666666667,0.2324915824915825,0.3333333333333333,0.014275517487508922,0.02737850787132101,0,0.1610121726989746
0,E1,30110,constant,"[0, 1, 2]",4559,0,1381,60,0.7698333333333334,0.2324915824915825,1.0,0.041637751561415685,0.07994670219853431,0,0.1614530086517334
0,E1,30110,noise,[0],4561,51,1379,9,0.7616666666666667,0.23215488215488214,0.15,0.006484149855907781,0.012430939226519336,0,0.14727497100830078
0,E1,30110,noise,[1],4564,46,1376,14,0.763,0.23164983164983166,0.23333333333333334,0.010071942446043165,0.019310344827586205,0,0.13636994361877441
0,E1,30110,noise,[2],4563,52,1377,8,0.7618333333333334,0.2318181818181818,0.13333333333333333,0.005776173285198556,0.011072664359861591,0,0.14124512672424316
0,E1,30110,noise,"[0, 1]",4561,39,1379,21,0.7636666666666667,0.23215488215488214,0.35,0.015,0.02876712328767123,0,0.1586780548095703
0,E1,30110,noise,"[0, 2]",4567,37,1373,23,0.765,0.23114478114478115,0.38333333333333336,0.0164756446991404,0.03159340659340659,0,0.15166902542114258
0,E1,30110,noise,"[1, 2]",4560,40,1380,20,0.7633333333333333,0.23232323232323232,0.3333333333333333,0.014285714285714285,0.0273972602739726,0,0.14750409126281738
0,E1,30110,noise,"[0, 1, 2]",4562,28,1378,32,0.7656666666666667,0.231986531986532,0.5333333333333333,0.02269503546099291,0.04353741496598639,0,0.17049288749694824
0,E1,30110,normal,[],4619,0,1381,0,0.7698333333333334,0.23016666666666666,0,0.0,0,0,0.13356423377990723
0,E1,30110,outlier,[0],4560,50,1380,10,0.7616666666666667,0.23232323232323232,0.16666666666666666,0.007194244604316547,0.01379310344827586,0,0.14719510078430176
0,E1,30110,outlier,[1],4564,50,1376,10,0.7623333333333333,0.23164983164983166,0.16666666666666666,0.007215007215007215,0.013831258644536652,0,0.16107392311096191
0,E1,30110,outlier,[2],4563,48,1377,12,0.7625,0.2318181818181818,0.2,0.008639308855291577,0.016563146997929608,0,0.1458737850189209
0,E1,30110,outlier,"[0, 1]",4564,11,1376,49,0.7688333333333334,0.23164983164983166,0.8166666666666667,0.0343859649122807,0.06599326599326599,0,0.17476367950439453
0,E1,30110,outlier,"[0, 2]",4561,30,1379,30,0.7651666666666667,0.23215488215488214,0.5,0.021291696238467,0.04084411164057181,0,0.19079923629760742
0,E1,30110,outlier,"[1, 2]",4560,52,1380,8,0.7613333333333333,0.23232323232323232,0.13333333333333333,0.005763688760806916,0.011049723756906077,0,0.19660425186157227
0,E1,30110,outlier,"[0, 1, 2]",4563,1,1377,59,0.7703333333333333,0.2318181818181818,0.9833333333333333,0.04108635097493036,0.07887700534759358,0,0.1847379207611084
0,E1,30110,constant,[0],4559,60,1381,0,0.7598333333333334,0.2324915824915825,0.0,0.0,0,0,0.14164280891418457
0,E1,30110,constant,[1],4572,40,1368,20,0.7653333333333333,0.23030303030303031,0.3333333333333333,0.01440922190201729,0.027624309392265196,0,0.14453482627868652
0,E1,30110,constant,[2],4559,60,1381,0,0.7598333333333334,0.2324915824915825,0.0,0.0,0,0,0.143906831741333
0,E1,30110,constant,"[0, 1]",4559,33,1381,27,0.7643333333333333,0.2324915824915825,0.45,0.019176136363636364,0.036784741144414164,0,0.15966796875
0,E1,30110,normal,[],4619,0,1381,0,0.7698333333333334,0.23016666666666666,0,0.0,0,0,0.1701350212097168
0,E1,30110,normal,[],3238,0,2762,0,0.5396666666666666,0.4603333333333333,0,0.0,0,0,0.3658149242401123
0,E1,30110,normal,[],1857,0,4143,0,0.3095,0.6905,0,0.0,0,0,0.6165330410003662
0,E1,30110,normal,[],476,0,5524,0,0.07933333333333334,0.9206666666666666,0,0.0,0,0,0.8164839744567871
0,E1,30110,normal,[],-905,0,6905,0,-0.15083333333333335,1.1508333333333334,0,0.0,0,0,1.0417251586914062
0,E1,30110,outlier,[0],4561,50,1379,10,0.7618333333333334,0.23215488215488214,0.16666666666666666,0.007199424046076314,0.013802622498274672,0,0.21233820915222168
0,E1,30110,outlier,[0],3182,40,2758,20,0.5336666666666666,0.4643097643097643,0.3333333333333333,0.007199424046076314,0.014094432699083862,0,0.4938039779663086
0,E1,30110,outlier,[0],1803,30,4137,30,0.3055,0.6964646464646465,0.5,0.007199424046076314,0.014194464158978,0,0.7806441783905029
0,E1,30110,outlier,[0],424,20,5516,40,0.07733333333333334,0.9286195286195286,0.6666666666666666,0.007199424046076314,0.014245014245014245,0,1.0262610912322998
0,E1,30110,outlier,[0],-955,10,6895,50,-0.15083333333333335,1.1607744107744107,0.8333333333333334,0.007199424046076314,0.014275517487508922,0,1.267949104309082
0,E1,30110,outlier,[1],4562,46,1378,14,0.7626666666666667,0.231986531986532,0.23333333333333334,0.010057471264367816,0.01928374655647383,0,0.287930965423584
0,E1,30110,outlier,[1],3184,32,2756,28,0.5353333333333333,0.463973063973064,0.4666666666666667,0.010057471264367816,0.01969057665260197,0,0.4674408435821533
0,E1,30110,outlier,[1],1806,18,4134,42,0.308,0.695959595959596,0.7,0.010057471264367816,0.019830028328611894,0,0.6288628578186035
0,E1,30110,outlier,[1],428,4,5512,56,0.08066666666666666,0.927946127946128,0.9333333333333333,0.010057471264367816,0.01990049751243781,0,0.7891268730163574
0,E1,30110,outlier,[1],-950,-10,6890,70,-0.14666666666666667,1.15993265993266,1.1666666666666667,0.010057471264367816,0.019943019943019943,0,0.9644608497619629
0,E1,30110,outlier,[2],4565,48,1375,12,0.7628333333333334,0.23148148148148148,0.2,0.008651766402307137,0.0165860400829302,0,0.17215585708618164
0,E1,30110,outlier,[2],3190,36,2750,24,0.5356666666666666,0.46296296296296297,0.4,0.008651766402307137,0.016937191249117852,0,0.314072847366333
0,E1,30110,outlier,[2],1815,24,4125,36,0.3085,0.6944444444444444,0.6,0.008651766402307137,0.017057569296375266,0,0.4680318832397461
0,E1,30110,outlier,[2],440,12,5500,48,0.08133333333333333,0.9259259259259259,0.8,0.008651766402307137,0.017118402282453638,0,0.625551700592041
0,E1,30110,outlier,[2],-935,0,6875,60,-0.14583333333333334,1.1574074074074074,1.0,0.008651766402307137,0.017155110793423873,0,0.8017158508300781
0,E1,30110,outlier,"[0, 1]",4565,16,1375,44,0.7681666666666667,0.23148148148148148,0.7333333333333333,0.031007751937984496,0.05949966193373902,0,0.21745586395263672
0,E1,30110,outlier,"[0, 1]",3190,-28,2750,88,0.5463333333333333,0.46296296296296297,1.4666666666666666,0.031007751937984496,0.06073153899240855,0,0.36426496505737305
0,E1,30110,outlier,"[0, 1]",1815,-72,4125,132,0.3245,0.6944444444444444,2.2,0.031007751937984496,0.0611535788742182,0,0.5109419822692871
0,E1,30110,outlier,"[0, 1]",440,-116,5500,176,0.10266666666666667,0.9259259259259259,2.933333333333333,0.031007751937984496,0.061366806136680614,0,0.6700189113616943
0,E1,30110,outlier,"[0, 1]",-935,-160,6875,220,-0.11916666666666667,1.1574074074074074,3.6666666666666665,0.031007751937984496,0.061495457721872815,0,0.825751781463623
0,E1,30110,outlier,"[0, 2]",4562,30,1378,30,0.7653333333333333,0.231986531986532,0.5,0.02130681818181818,0.040871934604904625,0,0.17193818092346191
0,E1,30110,outlier,"[0, 2]",3184,0,2756,60,0.5406666666666666,0.463973063973064,1.0,0.02130681818181818,0.04172461752433936,0,0.32049107551574707
0,E1,30110,outlier,"[0, 2]",1806,-30,4134,90,0.316,0.695959595959596,1.5,0.02130681818181818,0.04201680672268908,0,0.48561692237854004
0,E1,30110,outlier,"[0, 2]",428,-60,5512,120,0.09133333333333334,0.927946127946128,2.0,0.02130681818181818,0.04216444132115249,0,0.6598711013793945
0,E1,30110,outlier,"[0, 2]",-950,-90,6890,150,-0.13333333333333333,1.15993265993266,2.5,0.02130681818181818,0.042253521126760556,0,0.8418917655944824
0,E1,30110,outlier,"[1, 2]",4561,50,1379,10,0.7618333333333334,0.23215488215488214,0.16666666666666666,0.007199424046076314,0.013802622498274672,0,0.166733980178833
0,E1,30110,outlier,"[1, 2]",3182,40,2758,20,0.5336666666666666,0.4643097643097643,0.3333333333333333,0.007199424046076314,0.014094432699083862,0,0.3112637996673584
0,E1,30110,outlier,"[1, 2]",1803,30,4137,30,0.3055,0.6964646464646465,0.5,0.007199424046076314,0.014194464158978,0,0.46508288383483887
0,E1,30110,outlier,"[1, 2]",424,20,5516,40,0.07733333333333334,0.9286195286195286,0.6666666666666666,0.007199424046076314,0.014245014245014245,0,0.61403489112854
0,E1,30110,outlier,"[1, 2]",-955,10,6895,50,-0.15083333333333335,1.1607744107744107,0.8333333333333334,0.007199424046076314,0.014275517487508922,0,0.7635018825531006
0,E1,30110,outlier,"[0, 1, 2]",4563,5,1377,55,0.7696666666666667,0.2318181818181818,0.9166666666666666,0.03840782122905028,0.07372654155495979,0,0.18962907791137695
0,E1,30110,outlier,"[0, 1, 2]",3186,-50,2754,110,0.5493333333333333,0.4636363636363636,1.8333333333333333,0.03840782122905028,0.07523939808481533,0,0.33130407333374023
0,E1,30110,outlier,"[0, 1, 2]",1809,-105,4131,165,0.329,0.6954545454545454,2.75,0.03840782122905028,0.07575757575757576,0,0.4727911949157715
0,E1,30110,outlier,"[0, 1, 2]",432,-160,5508,220,0.10866666666666666,0.9272727272727272,3.6666666666666665,0.03840782122905028,0.07601935038009676,0,0.6303551197052002
0,E1,30110,outlier,"[0, 1, 2]",-945,-215,6885,275,-0.11166666666666666,1.1590909090909092,4.583333333333333,0.03840782122905028,0.07617728531855956,0,0.777184009552002
0,E1,30110,constant,[0],4559,59,1381,1,0.76,0.2324915824915825,0.016666666666666666,0.000723589001447178,0.0013869625520110955,0,0.1399669647216797
0,E1,30110,constant,[0],3178,58,2762,2,0.53,0.464983164983165,0.03333333333333333,0.000723589001447178,0.0014164305949008497,0,0.2760589122772217
0,E1,30110,constant,[0],1797,57,4143,3,0.3,0.6974747474747475,0.05,0.000723589001447178,0.001426533523537803,0,0.4293649196624756
0,E1,30110,constant,[0],416,56,5524,4,0.07,0.92996632996633,0.06666666666666667,0.000723589001447178,0.0014316392269148174,0,0.5789330005645752
0,E1,30110,constant,[0],-965,55,6905,5,-0.16,1.1624579124579124,0.08333333333333333,0.000723589001447178,0.0014347202295552368,0,0.7330548763275146
0,E1,30110,constant,[1],4559,60,1381,0,0.7598333333333334,0.2324915824915825,0.0,0.0,0,0,0.15755701065063477
0,E1,30110,constant,[1],3178,60,2762,0,0.5296666666666666,0.464983164983165,0.0,0.0,0,0,0.30140113830566406
0,E1,30110,constant,[1],1797,60,4143,0,0.2995,0.6974747474747475,0.0,0.0,0,0,0.44640207290649414
0,E1,30110,constant,[1],416,60,5524,0,0.06933333333333333,0.92996632996633,0.0,0.0,0,0,0.6079838275909424
0,E1,30110,constant,[1],-965,60,6905,0,-0.16083333333333333,1.1624579124579124,0.0,0.0,0,0,0.7597389221191406
0,E1,30110,constant,[2],4559,40,1381,20,0.7631666666666667,0.2324915824915825,0.3333333333333333,0.014275517487508922,0.02737850787132101,0,0.15392780303955078
0,E1,30110,constant,[2],3178,20,2762,40,0.5363333333333333,0.464983164983165,0.6666666666666666,0.014275517487508922,0.027952480782669466,0,0.29793572425842285
0,E1,30110,constant,[2],1797,0,4143,60,0.3095,0.6974747474747475,1.0,0.014275517487508922,0.028149190710767064,0,0.44934606552124023
0,E1,30110,constant,[2],416,-20,5524,80,0.08266666666666667,0.92996632996633,1.3333333333333333,0.014275517487508922,0.028248587570621472,0,0.5983967781066895
0,E1,30110,constant,[2],-965,-40,6905,100,-0.14416666666666667,1.1624579124579124,1.6666666666666667,0.014275517487508922,0.028308563340410476,0,0.769495964050293
0,E1,30110,constant,"[0, 1]",4569,0,1371,60,0.7715,0.2308080808080808,1.0,0.041928721174004195,0.08048289738430583,0,0.17108821868896484
0,E1,30110,constant,"[0, 1]",3198,-60,2742,120,0.553,0.4616161616161616,2.0,0.041928721174004195,0.08213552361396305,0,0.32319092750549316
0,E1,30110,constant,"[0, 1]",1827,-120,4113,180,0.3345,0.6924242424242424,3.0,0.041928721174004195,0.08270158511371468,0,0.4813261032104492
0,E1,30110,constant,"[0, 1]",456,-180,5484,240,0.116,0.9232323232323232,4.0,0.041928721174004195,0.08298755186721991,0,0.6627750396728516
0,E1,30110,constant,"[0, 1]",-915,-240,6855,300,-0.1025,1.154040404040404,5.0,0.041928721174004195,0.08316008316008316,0,0.8238530158996582
0,E1,30110,constant,"[0, 2]",4559,60,1381,0,0.7598333333333334,0.2324915824915825,0.0,0.0,0,0,0.1611311435699463
0,E1,30110,constant,"[0, 2]",3178,60,2762,0,0.5296666666666666,0.464983164983165,0.0,0.0,0,0,0.30861616134643555
0,E1,30110,constant,"[0, 2]",1797,60,4143,0,0.2995,0.6974747474747475,0.0,0.0,0,0,0.4562649726867676
0,E1,30110,constant,"[0, 2]",416,60,5524,0,0.06933333333333333,0.92996632996633,0.0,0.0,0,0,0.6037929058074951
0,E1,30110,constant,"[0, 2]",-965,60,6905,0,-0.16083333333333333,1.1624579124579124,0.0,0.0,0,0,0.7640221118927002
0,E1,30110,constant,"[1, 2]",4559,40,1381,20,0.7631666666666667,0.2324915824915825,0.3333333333333333,0.014275517487508922,0.02737850787132101,0,0.16043806076049805
0,E1,30110,constant,"[1, 2]",3178,20,2762,40,0.5363333333333333,0.464983164983165,0.6666666666666666,0.014275517487508922,0.027952480782669466,0,0.3001980781555176
0,E1,30110,constant,"[1, 2]",1797,0,4143,60,0.3095,0.6974747474747475,1.0,0.014275517487508922,0.028149190710767064,0,0.4501192569732666
0,E1,30110,constant,"[1, 2]",416,-20,5524,80,0.08266666666666667,0.92996632996633,1.3333333333333333,0.014275517487508922,0.028248587570621472,0,0.5991349220275879
0,E1,30110,constant,"[1, 2]",-965,-40,6905,100,-0.14416666666666667,1.1624579124579124,1.6666666666666667,0.014275517487508922,0.028308563340410476,0,0.7483079433441162
0,E1,30110,constant,"[0, 1, 2]",4559,0,1381,60,0.7698333333333334,0.2324915824915825,1.0,0.041637751561415685,0.07994670219853431,0,0.16373300552368164
0,E1,30110,constant,"[0, 1, 2]",3178,-60,2762,120,0.5496666666666666,0.464983164983165,2.0,0.041637751561415685,0.08157715839564923,0,0.3101649284362793
0,E1,30110,constant,"[0, 1, 2]",1797,-120,4143,180,0.3295,0.6974747474747475,3.0,0.041637751561415685,0.08213552361396305,0,0.4561338424682617
0,E1,30110,constant,"[0, 1, 2]",416,-180,5524,240,0.10933333333333334,0.92996632996633,4.0,0.041637751561415685,0.08241758241758243,0,0.6042697429656982
0,E1,30110,constant,"[0, 1, 2]",-965,-240,6905,300,-0.11083333333333334,1.1624579124579124,5.0,0.041637751561415685,0.08258774948382658,0,0.7596738338470459
0,E1,30110,noise,[0],4561,50,1379,10,0.7618333333333334,0.23215488215488214,0.16666666666666666,0.007199424046076314,0.013802622498274672,0,0.2908148765563965
0,E1,30110,noise,[0],3182,40,2758,20,0.5336666666666666,0.4643097643097643,0.3333333333333333,0.007199424046076314,0.014094432699083862,0,0.4286160469055176
0,E1,30110,noise,[0],1803,30,4137,30,0.3055,0.6964646464646465,0.5,0.007199424046076314,0.014194464158978,0,0.5668959617614746
0,E1,30110,noise,[0],424,20,5516,40,0.07733333333333334,0.9286195286195286,0.6666666666666666,0.007199424046076314,0.014245014245014245,0,0.7047278881072998
0,E1,30110,noise,[0],-955,10,6895,50,-0.15083333333333335,1.1607744107744107,0.8333333333333334,0.007199424046076314,0.014275517487508922,0,0.8434011936187744
0,E1,30110,noise,[1],4562,50,1378,10,0.762,0.231986531986532,0.16666666666666666,0.007204610951008645,0.013812154696132598,0,0.1561751365661621
0,E1,30110,noise,[1],3184,40,2756,20,0.534,0.463973063973064,0.3333333333333333,0.007204610951008645,0.014104372355430182,0,0.28494906425476074
0,E1,30110,noise,[1],1806,30,4134,30,0.306,0.695959595959596,0.5,0.007204610951008645,0.014204545454545454,0,0.41745519638061523
0,E1,30110,noise,[1],428,20,5512,40,0.078,0.927946127946128,0.6666666666666666,0.007204610951008645,0.014255167498218103,0,0.5548741817474365
0,E1,30110,noise,[1],-950,10,6890,50,-0.15,1.15993265993266,0.8333333333333334,0.007204610951008645,0.014285714285714285,0,0.7875652313232422
0,E1,30110,noise,[2],4560,50,1380,10,0.7616666666666667,0.23232323232323232,0.16666666666666666,0.007194244604316547,0.01379310344827586,0,0.2589988708496094
0,E1,30110,noise,[2],3180,40,2760,20,0.5333333333333333,0.46464646464646464,0.3333333333333333,0.007194244604316547,0.01408450704225352,0,0.44048190116882324
0,E1,30110,noise,[2],1800,30,4140,30,0.305,0.696969696969697,0.5,0.007194244604316547,0.014184397163120569,0,0.5956008434295654
0,E1,30110,noise,[2],420,20,5520,40,0.07666666666666666,0.9292929292929293,0.6666666666666666,0.007194244604316547,0.014234875444839859,0,0.7493758201599121
0,E1,30110,noise,[2],-960,10,6900,50,-0.15166666666666667,1.1616161616161615,0.8333333333333334,0.007194244604316547,0.014265335235378034,0,0.9155867099761963
0,E1,30110,noise,"[0, 1]",4564,35,1376,25,0.7648333333333334,0.23164983164983166,0.4166666666666667,0.017844396859386154,0.03422313483915127,0,0.3176839351654053
0,E1,30110,noise,"[0, 1]",3188,10,2752,50,0.5396666666666666,0.4632996632996633,0.8333333333333334,0.017844396859386154,0.03494060097833683,0,0.48757386207580566
0,E1,30110,noise,"[0, 1]",1812,-15,4128,75,0.3145,0.694949494949495,1.25,0.017844396859386154,0.035186488388458836,0,0.6466751098632812
0,E1,30110,noise,"[0, 1]",436,-40,5504,100,0.08933333333333333,0.9265993265993266,1.6666666666666667,0.017844396859386154,0.03531073446327684,0,0.7874751091003418
0,E1,30110,noise,"[0, 1]",-940,-65,6880,125,-0.13583333333333333,1.1582491582491583,2.0833333333333335,0.017844396859386154,0.0353857041755131,0,0.9308881759643555
0,E1,30110,noise,"[0, 2]",4563,39,1377,21,0.764,0.2318181818181818,0.35,0.015021459227467811,0.02880658436213992,0,0.1584780216217041
0,E1,30110,noise,"[0, 2]",3186,18,2754,42,0.538,0.4636363636363636,0.7,0.015021459227467811,0.029411764705882356,0,0.2919590473175049
0,E1,30110,noise,"[0, 2]",1809,-3,4131,63,0.312,0.6954545454545454,1.05,0.015021459227467811,0.029619181946403384,0,0.42398691177368164
0,E1,30110,noise,"[0, 2]",432,-24,5508,84,0.086,0.9272727272727272,1.4,0.015021459227467811,0.029723991507431,0,0.5566389560699463
0,E1,30110,noise,"[0, 2]",-945,-45,6885,105,-0.14,1.1590909090909092,1.75,0.015021459227467811,0.029787234042553193,0,0.6985940933227539
0,E1,30110,noise,"[1, 2]",4561,49,1379,11,0.762,0.23215488215488214,0.18333333333333332,0.007913669064748202,0.015172413793103448,0,0.15765118598937988
0,E1,30110,noise,"[1, 2]",3182,38,2758,22,0.534,0.4643097643097643,0.36666666666666664,0.007913669064748202,0.015492957746478872,0,0.29922914505004883
0,E1,30110,noise,"[1, 2]",1803,27,4137,33,0.306,0.6964646464646465,0.55,0.007913669064748202,0.015602836879432622,0,0.42797207832336426
0,E1,30110,noise,"[1, 2]",424,16,5516,44,0.078,0.9286195286195286,0.7333333333333333,0.007913669064748202,0.015658362989323844,0,0.5610322952270508
0,E1,30110,noise,"[1, 2]",-955,5,6895,55,-0.15,1.1607744107744107,0.9166666666666666,0.007913669064748202,0.015691868758915834,0,0.6952240467071533
0,E1,30110,normal,[],4619,0,1381,0,0.7698333333333334,0.23016666666666666,0,0.0,0,0,0.238785982131958
0,E1,30110,normal,[],3238,0,2762,0,0.5396666666666666,0.4603333333333333,0,0.0,0,0,0.44812703132629395
0,E1,30110,normal,[],1857,0,4143,0,0.3095,0.6905,0,0.0,0,0,0.6569769382476807
0,E1,30110,normal,[],476,0,5524,0,0.07933333333333334,0.9206666666666666,0,0.0,0,0,0.8854629993438721
0,E1,30110,normal,[],-905,0,6905,0,-0.15083333333333335,1.1508333333333334,0,0.0,0,0,1.0650479793548584
0,E1,30110,outlier,[0],4561,49,1379,11,0.762,0.23215488215488214,0.18333333333333332,0.007913669064748202,0.015172413793103448,0,0.19896674156188965
0,E1,30110,outlier,[0],3182,38,2758,22,0.534,0.4643097643097643,0.36666666666666664,0.007913669064748202,0.015492957746478872,0,0.39886474609375
0,E1,30110,outlier,[0],1803,27,4137,33,0.306,0.6964646464646465,0.55,0.007913669064748202,0.015602836879432622,0,0.5976366996765137
0,E1,30110,outlier,[0],424,16,5516,44,0.078,0.9286195286195286,0.7333333333333333,0.007913669064748202,0.015658362989323844,0,0.7944579124450684
0,E1,30110,outlier,[0],-955,5,6895,55,-0.15,1.1607744107744107,0.9166666666666666,0.007913669064748202,0.015691868758915834,0,0.9941329956054688
0,E1,30110,outlier,[1],4560,51,1380,9,0.7615,0.23232323232323232,0.15,0.0064794816414686825,0.012422360248447204,0,0.19737720489501953
0,E1,30110,outlier,[1],3180,42,2760,18,0.533,0.46464646464646464,0.3,0.0064794816414686825,0.012684989429175477,0,0.40025925636291504
0,E1,30110,outlier,[1],1800,33,4140,27,0.3045,0.696969696969697,0.45,0.0064794816414686825,0.0127750177430802,0,0.5913622379302979
0,E1,30110,outlier,[1],420,24,5520,36,0.076,0.9292929292929293,0.6,0.0064794816414686825,0.01282051282051282,0,0.7682361602783203
0,E1,30110,outlier,[1],-960,15,6900,45,-0.1525,1.1616161616161615,0.75,0.0064794816414686825,0.01284796573875803,0,0.9517321586608887
0,E1,30110,outlier,[2],4563,48,1377,12,0.7625,0.2318181818181818,0.2,0.008639308855291577,0.016563146997929608,0,0.19666790962219238
0,E1,30110,outlier,[2],3186,36,2754,24,0.535,0.4636363636363636,0.4,0.008639308855291577,0.016913319238900635,0,0.3741030693054199
0,E1,30110,outlier,[2],1809,24,4131,36,0.3075,0.6954545454545454,0.6,0.008639308855291577,0.017033356990773598,0,0.5443708896636963
0,E1,30110,outlier,[2],432,12,5508,48,0.08,0.9272727272727272,0.8,0.008639308855291577,0.017094017094017092,0,0.7095301151275635
0,E1,30110,outlier,[2],-945,0,6885,60,-0.1475,1.1590909090909092,1.0,0.008639308855291577,0.017130620985010708,0,0.90305495262146
0,E1,30110,outlier,"[0, 1]",4561,13,1379,47,0.768,0.23215488215488214,0.7833333333333333,0.03295932678821879,0.063257065948856,0,0.19900083541870117
0,E1,30110,outlier,"[0, 1]",3182,-34,2758,94,0.546,0.4643097643097643,1.5666666666666667,0.03295932678821879,0.06456043956043955,0,0.36185503005981445
0,E1,30110,outlier,"[0, 1]",1803,-81,4137,141,0.324,0.6964646464646465,2.35,0.03295932678821879,0.06500691562932227,0,0.5331437587738037
0,E1,30110,outlier,"[0, 1]",424,-128,5516,188,0.102,0.9286195286195286,3.1333333333333333,0.03295932678821879,0.0652324774462179,0,0.6944928169250488
0,E1,30110,outlier,"[0, 1]",-955,-175,6895,235,-0.12,1.1607744107744107,3.9166666666666665,0.03295932678821879,0.06536856745479834,0,0.8889458179473877
0,E1,30110,outlier,"[0, 2]",4561,32,1379,28,0.7648333333333334,0.23215488215488214,0.4666666666666667,0.01990049751243781,0.03817314246762099,0,0.20045900344848633
0,E1,30110,outlier,"[0, 2]",3182,4,2758,56,0.5396666666666666,0.4643097643097643,0.9333333333333333,0.01990049751243781,0.038970076548364645,0,0.3576390743255615
0,E1,30110,outlier,"[0, 2]",1803,-24,4137,84,0.3145,0.6964646464646465,1.4,0.01990049751243781,0.039243167484232656,0,0.5328319072723389
0,E1,30110,outlier,"[0, 2]",424,-52,5516,112,0.08933333333333333,0.9286195286195286,1.8666666666666667,0.01990049751243781,0.03938115330520394,0,0.7006969451904297
0,E1,30110,outlier,"[0, 2]",-955,-80,6895,140,-0.13583333333333333,1.1607744107744107,2.3333333333333335,0.01990049751243781,0.03946441155743482,0,0.8806629180908203
0,E1,30110,outlier,"[1, 2]",4563,45,1377,15,0.763,0.2318181818181818,0.25,0.010775862068965518,0.02066115702479339,0,0.19737792015075684
0,E1,30110,outlier,"[1, 2]",3186,30,2754,30,0.536,0.4636363636363636,0.5,0.010775862068965518,0.021097046413502112,0,0.3680868148803711
0,E1,30110,outlier,"[1, 2]",1809,15,4131,45,0.309,0.6954545454545454,0.75,0.010775862068965518,0.021246458923512748,0,0.5403017997741699
0,E1,30110,outlier,"[1, 2]",432,0,5508,60,0.082,0.9272727272727272,1.0,0.010775862068965518,0.021321961620469083,0,0.7219290733337402
0,E1,30110,outlier,"[1, 2]",-945,-15,6885,75,-0.145,1.1590909090909092,1.25,0.010775862068965518,0.021367521367521368,0,0.9025518894195557
0,E1,30110,outlier,"[0, 1, 2]",4562,1,1378,59,0.7701666666666667,0.231986531986532,0.9833333333333333,0.04105775922059847,0.0788243152972612,0,0.266772985458374
0,E1,30110,outlier,"[0, 1, 2]",3184,-58,2756,118,0.5503333333333333,0.463973063973064,1.9666666666666666,0.04105775922059847,0.08043626448534424,0,0.4343581199645996
0,E1,30110,outlier,"[0, 1, 2]",1806,-117,4134,177,0.3305,0.695959595959596,2.95,0.04105775922059847,0.08098833218943034,0,0.6006450653076172
0,E1,30110,outlier,"[0, 1, 2]",428,-176,5512,236,0.11066666666666666,0.927946127946128,3.933333333333333,0.04105775922059847,0.081267217630854,0,0.7852840423583984
0,E1,30110,outlier,"[0, 1, 2]",-950,-235,6890,295,-0.10916666666666666,1.15993265993266,4.916666666666667,0.04105775922059847,0.08143547273982056,0,0.9895391464233398
0,E1,30110,constant,[0],4559,60,1381,0,0.7598333333333334,0.2324915824915825,0.0,0.0,0,0,0.17981815338134766
0,E1,30110,constant,[0],3178,60,2762,0,0.5296666666666666,0.464983164983165,0.0,0.0,0,0,0.3419010639190674
0,E1,30110,constant,[0],1797,60,4143,0,0.2995,0.6974747474747475,0.0,0.0,0,0,0.5093531608581543
0,E1,30110,constant,[0],416,60,5524,0,0.06933333333333333,0.92996632996633,0.0,0.0,0,0,0.6900951862335205
0,E1,30110,constant,[0],-965,60,6905,0,-0.16083333333333333,1.1624579124579124,0.0,0.0,0,0,0.8887710571289062
0,E1,30110,constant,[1],4559,60,1381,0,0.7598333333333334,0.2324915824915825,0.0,0.0,0,0,0.18307113647460938
0,E1,30110,constant,[1],3178,60,2762,0,0.5296666666666666,0.464983164983165,0.0,0.0,0,0,0.3541989326477051
0,E1,30110,constant,[1],1797,60,4143,0,0.2995,0.6974747474747475,0.0,0.0,0,0,0.5305399894714355
0,E1,30110,constant,[1],416,60,5524,0,0.06933333333333333,0.92996632996633,0.0,0.0,0,0,0.7053732872009277
0,E1,30110,constant,[1],-965,60,6905,0,-0.16083333333333333,1.1624579124579124,0.0,0.0,0,0,0.8986730575561523
0,E1,30110,constant,[2],4559,60,1381,0,0.7598333333333334,0.2324915824915825,0.0,0.0,0,0,0.18157696723937988
0,E1,30110,constant,[2],3178,60,2762,0,0.5296666666666666,0.464983164983165,0.0,0.0,0,0,0.3434901237487793
0,E1,30110,constant,[2],1797,60,4143,0,0.2995,0.6974747474747475,0.0,0.0,0,0,0.532020092010498
0,E1,30110,constant,[2],416,60,5524,0,0.06933333333333333,0.92996632996633,0.0,0.0,0,0,0.7219569683074951
0,E1,30110,constant,[2],-965,60,6905,0,-0.16083333333333333,1.1624579124579124,0.0,0.0,0,0,0.9224920272827148
0,E1,30110,constant,"[0, 1]",4559,20,1381,40,0.7665,0.2324915824915825,0.6666666666666666,0.028149190710767064,0.05401755570560432,0,0.20154809951782227
0,E1,30110,constant,"[0, 1]",3178,-20,2762,80,0.543,0.464983164983165,1.3333333333333333,0.028149190710767064,0.055134390075809774,0,0.3787882328033447
0,E1,30110,constant,"[0, 1]",1797,-60,4143,120,0.3195,0.6974747474747475,2.0,0.028149190710767064,0.055517002081887576,0,0.5661051273345947
0,E1,30110,constant,"[0, 1]",416,-100,5524,160,0.096,0.92996632996633,2.6666666666666665,0.028149190710767064,0.05571030640668523,0,0.7505521774291992
0,E1,30110,constant,"[0, 1]",-965,-140,6905,200,-0.1275,1.1624579124579124,3.3333333333333335,0.028149190710767064,0.05582693649685973,0,0.9431350231170654
0,E1,30110,constant,"[0, 2]",4559,60,1381,0,0.7598333333333334,0.2324915824915825,0.0,0.0,0,0,0.19919705390930176
0,E1,30110,constant,"[0, 2]",3178,60,2762,0,0.5296666666666666,0.464983164983165,0.0,0.0,0,0,0.36042094230651855
0,E1,30110,constant,"[0, 2]",1797,60,4143,0,0.2995,0.6974747474747475,0.0,0.0,0,0,0.5166449546813965
0,E1,30110,constant,"[0, 2]",416,60,5524,0,0.06933333333333333,0.92996632996633,0.0,0.0,0,0,0.686305046081543
0,E1,30110,constant,"[0, 2]",-965,60,6905,0,-0.16083333333333333,1.1624579124579124,0.0,0.0,0,0,0.8522899150848389
0,E1,30110,constant,"[1, 2]",4559,20,1381,40,0.7665,0.2324915824915825,0.6666666666666666,0.028149190710767064,0.05401755570560432,0,0.166093111038208
0,E1,30110,constant,"[1, 2]",3178,-20,2762,80,0.543,0.464983164983165,1.3333333333333333,0.028149190710767064,0.055134390075809774,0,0.3021061420440674
0,E1,30110,constant,"[1, 2]",1797,-60,4143,120,0.3195,0.6974747474747475,2.0,0.028149190710767064,0.055517002081887576,0,0.444566011428833
0,E1,30110,constant,"[1, 2]",416,-100,5524,160,0.096,0.92996632996633,2.6666666666666665,0.028149190710767064,0.05571030640668523,0,0.5903310775756836
0,E1,30110,constant,"[1, 2]",-965,-140,6905,200,-0.1275,1.1624579124579124,3.3333333333333335,0.028149190710767064,0.05582693649685973,0,0.7509481906890869
0,E1,30110,constant,"[0, 1, 2]",4559,0,1381,60,0.7698333333333334,0.2324915824915825,1.0,0.041637751561415685,0.07994670219853431,0,0.16695713996887207
0,E1,30110,constant,"[0, 1, 2]",3178,-60,2762,120,0.5496666666666666,0.464983164983165,2.0,0.041637751561415685,0.08157715839564923,0,0.30440211296081543
0,E1,30110,constant,"[0, 1, 2]",1797,-120,4143,180,0.3295,0.6974747474747475,3.0,0.041637751561415685,0.08213552361396305,0,0.454287052154541
0,E1,30110,constant,"[0, 1, 2]",416,-180,5524,240,0.10933333333333334,0.92996632996633,4.0,0.041637751561415685,0.08241758241758243,0,0.603126049041748
0,E1,30110,constant,"[0, 1, 2]",-965,-240,6905,300,-0.11083333333333334,1.1624579124579124,5.0,0.041637751561415685,0.08258774948382658,0,0.7544310092926025
0,E1,30110,noise,[0],4569,50,1371,10,0.7631666666666667,0.2308080808080808,0.16666666666666666,0.00724112961622013,0.013879250520471894,0,0.2974059581756592
0,E1,30110,noise,[0],3198,40,2742,20,0.5363333333333333,0.4616161616161616,0.3333333333333333,0.00724112961622013,0.014174344436569808,0,0.4295790195465088
0,E1,30110,noise,[0],1827,30,4113,30,0.3095,0.6924242424242424,0.5,0.00724112961622013,0.014275517487508922,0,0.5644447803497314
0,E1,30110,noise,[0],456,20,5484,40,0.08266666666666667,0.9232323232323232,0.6666666666666666,0.00724112961622013,0.014326647564469913,0,0.7042739391326904
0,E1,30110,noise,[0],-915,10,6855,50,-0.14416666666666667,1.154040404040404,0.8333333333333334,0.00724112961622013,0.014357501794687724,0,0.8384027481079102
0,E1,30110,noise,[1],4563,45,1377,15,0.763,0.2318181818181818,0.25,0.010775862068965518,0.02066115702479339,0,0.14048480987548828
0,E1,30110,noise,[1],3186,30,2754,30,0.536,0.4636363636363636,0.5,0.010775862068965518,0.021097046413502112,0,0.2810249328613281
0,E1,30110,noise,[1],1809,15,4131,45,0.309,0.6954545454545454,0.75,0.010775862068965518,0.021246458923512748,0,0.41927504539489746
0,E1,30110,noise,[1],432,0,5508,60,0.082,0.9272727272727272,1.0,0.010775862068965518,0.021321961620469083,0,0.5504069328308105
0,E1,30110,noise,[1],-945,-15,6885,75,-0.145,1.1590909090909092,1.25,0.010775862068965518,0.021367521367521368,0,0.6856100559234619
0,E1,30110,noise,[2],4561,46,1379,14,0.7625,0.23215488215488214,0.23333333333333334,0.010050251256281407,0.019270474879559532,0,0.16541004180908203
0,E1,30110,noise,[2],3182,32,2758,28,0.535,0.4643097643097643,0.4666666666666667,0.010050251256281407,0.019676739283204497,0,0.3106811046600342
0,E1,30110,noise,[2],1803,18,4137,42,0.3075,0.6964646464646465,0.7,0.010050251256281407,0.01981599433828733,0,0.45011186599731445
0,E1,30110,noise,[2],424,4,5516,56,0.08,0.9286195286195286,0.9333333333333333,0.010050251256281407,0.019886363636363636,0,0.5992250442504883
0,E1,30110,noise,[2],-955,-10,6895,70,-0.1475,1.1607744107744107,1.1666666666666667,0.010050251256281407,0.0199288256227758,0,0.7542839050292969
0,E1,30110,noise,"[0, 1]",4560,43,1380,17,0.7628333333333334,0.23232323232323232,0.2833333333333333,0.012168933428775949,0.023335621139327387,0,0.15235185623168945
0,E1,30110,noise,"[0, 1]",3180,26,2760,34,0.5356666666666666,0.46464646464646464,0.5666666666666667,0.012168933428775949,0.023826208829712685,0,0.2815990447998047
0,E1,30110,noise,"[0, 1]",1800,9,4140,51,0.3085,0.696969696969697,0.85,0.012168933428775949,0.023994354269583632,0,0.42241883277893066
0,E1,30110,noise,"[0, 1]",420,-8,5520,68,0.08133333333333333,0.9292929292929293,1.1333333333333333,0.012168933428775949,0.024079320113314446,0,0.5579729080200195
0,E1,30110,noise,"[0, 1]",-960,-25,6900,85,-0.14583333333333334,1.1616161616161615,1.4166666666666667,0.012168933428775949,0.0241305890702626,0,0.6989099979400635
0,E1,30110,noise,"[0, 2]",4564,44,1376,16,0.7633333333333333,0.23164983164983166,0.26666666666666666,0.011494252873563218,0.02203856749311295,0,0.1619858741760254
0,E1,30110,noise,"[0, 2]",3188,28,2752,32,0.5366666666666666,0.4632996632996633,0.5333333333333333,0.011494252873563218,0.02250351617440225,0,0.28598570823669434
0,E1,30110,noise,"[0, 2]",1812,12,4128,48,0.31,0.694949494949495,0.8,0.011494252873563218,0.022662889518413595,0,0.4292418956756592
0,E1,30110,noise,"[0, 2]",436,-4,5504,64,0.08333333333333333,0.9265993265993266,1.0666666666666667,0.011494252873563218,0.022743425728500355,0,0.6050069332122803
0,E1,30110,noise,"[0, 2]",-940,-20,6880,80,-0.14333333333333334,1.1582491582491583,1.3333333333333333,0.011494252873563218,0.02279202279202279,0,0.7551188468933105
0,E1,30110,noise,"[1, 2]",4559,44,1381,16,0.7625,0.2324915824915825,0.26666666666666666,0.01145311381531854,0.021962937542896358,0,0.17427825927734375
0,E1,30110,noise,"[1, 2]",3178,28,2762,32,0.535,0.464983164983165,0.5333333333333333,0.01145311381531854,0.02242466713384723,0,0.32308316230773926
0,E1,30110,noise,"[1, 2]",1797,12,4143,48,0.3075,0.6974747474747475,0.8,0.01145311381531854,0.022582921665490474,0,0.4831879138946533
0,E1,30110,noise,"[1, 2]",416,-4,5524,64,0.08,0.92996632996633,1.0666666666666667,0.01145311381531854,0.0226628895184136,0,0.6944949626922607
0,E1,30110,noise,"[1, 2]",-965,-20,6905,80,-0.1475,1.1624579124579124,1.3333333333333333,0.01145311381531854,0.0227111426543648,0,0.8454170227050781
0,E1,30110,noise,"[0, 1, 2]",4564,33,1376,27,0.7651666666666667,0.23164983164983166,0.45,0.01924447612259444,0.036910457963089546,0,0.20752692222595215
0,E1,30110,noise,"[0, 1, 2]",3188,6,2752,54,0.5403333333333333,0.4632996632996633,0.9,0.01924447612259444,0.03768318213538033,0,0.3582799434661865
0,E1,30110,noise,"[0, 1, 2]",1812,-21,4128,81,0.3155,0.694949494949495,1.35,0.01924447612259444,0.03794799718903724,0,0.6948621273040771
0,E1,30110,noise,"[0, 1, 2]",436,-48,5504,108,0.09066666666666667,0.9265993265993266,1.8,0.01924447612259444,0.0380818053596615,0,0.8914999961853027
0,E1,30110,noise,"[0, 1, 2]",-940,-75,6880,135,-0.13416666666666666,1.1582491582491583,2.25,0.01924447612259444,0.03816254416961131,0,1.057610034942627
0,E1,30110,normal,[],4619,0,1381,0,0.7698333333333334,0.23016666666666666,0,0.0,0,0,0.16150403022766113
0,E1,30110,normal,[],3238,0,2762,0,0.5396666666666666,0.4603333333333333,0,0.0,0,0,0.3376960754394531
0,E1,30110,normal,[],1857,0,4143,0,0.3095,0.6905,0,0.0,0,0,0.5276889801025391
0,E1,30110,normal,[],476,0,5524,0,0.07933333333333334,0.9206666666666666,0,0.0,0,0,0.7204601764678955
0,E1,30110,normal,[],-905,0,6905,0,-0.15083333333333335,1.1508333333333334,0,0.0,0,0,0.9359402656555176
0,E1,30110,outlier,[0],4561,45,1379,15,0.7626666666666667,0.23215488215488214,0.25,0.010760401721664276,0.020632737276478682,0,0.2437891960144043
0,E1,30110,outlier,[0],3182,30,2758,30,0.5353333333333333,0.4643097643097643,0.5,0.010760401721664276,0.02106741573033708,0,0.4175989627838135
0,E1,30110,outlier,[0],1803,15,4137,45,0.308,0.6964646464646465,0.75,0.010760401721664276,0.02121640735502122,0,0.5990810394287109
0,E1,30110,outlier,[0],424,0,5516,60,0.08066666666666666,0.9286195286195286,1.0,0.010760401721664276,0.021291696238467,0,0.7811710834503174
0,E1,30110,outlier,[0],-955,-15,6895,75,-0.14666666666666667,1.1607744107744107,1.25,0.010760401721664276,0.021337126600284497,0,0.9671051502227783
0,E1,30110,outlier,[1],4560,54,1380,6,0.761,0.23232323232323232,0.1,0.004329004329004329,0.00829875518672199,0,0.1870288848876953
0,E1,30110,outlier,[1],3180,48,2760,12,0.532,0.46464646464646464,0.2,0.004329004329004329,0.00847457627118644,0,0.3721170425415039
0,E1,30110,outlier,[1],1800,42,4140,18,0.303,0.696969696969697,0.3,0.004329004329004329,0.008534850640113797,0,0.5753700733184814
0,E1,30110,outlier,[1],420,36,5520,24,0.074,0.9292929292929293,0.4,0.004329004329004329,0.008565310492505352,0,0.7929129600524902
0,E1,30110,outlier,[1],-960,30,6900,30,-0.155,1.1616161616161615,0.5,0.004329004329004329,0.008583690987124463,0,0.9978718757629395
0,E1,30110,outlier,[2],4562,45,1378,15,0.7628333333333334,0.231986531986532,0.25,0.010768126346015794,0.02064693737095664,0,0.18312406539916992
0,E1,30110,outlier,[2],3184,30,2756,30,0.5356666666666666,0.463973063973064,0.5,0.010768126346015794,0.02108222066057625,0,0.3430321216583252
0,E1,30110,outlier,[2],1806,15,4134,45,0.3085,0.695959595959596,0.75,0.010768126346015794,0.021231422505307854,0,0.561715841293335
0,E1,30110,outlier,[2],428,0,5512,60,0.08133333333333333,0.927946127946128,1.0,0.010768126346015794,0.021306818181818184,0,0.7288699150085449
0,E1,30110,outlier,[2],-950,-15,6890,75,-0.14583333333333334,1.15993265993266,1.25,0.010768126346015794,0.021352313167259787,0,0.9127259254455566
0,E1,30110,outlier,"[0, 1]",4561,11,1379,49,0.7683333333333333,0.23215488215488214,0.8166666666666667,0.03431372549019608,0.06586021505376345,0,0.20710015296936035
0,E1,30110,outlier,"[0, 1]",3182,-38,2758,98,0.5466666666666666,0.4643097643097643,1.6333333333333333,0.03431372549019608,0.06721536351165981,0,0.36080098152160645
0,E1,30110,outlier,"[0, 1]",1803,-87,4137,147,0.325,0.6964646464646465,2.45,0.03431372549019608,0.06767955801104973,0,0.5117809772491455
0,E1,30110,outlier,"[0, 1]",424,-136,5516,196,0.10333333333333333,0.9286195286195286,3.2666666666666666,0.03431372549019608,0.06791406791406793,0,0.6663851737976074
0,E1,30110,outlier,"[0, 1]",-955,-185,6895,245,-0.11833333333333333,1.1607744107744107,4.083333333333333,0.03431372549019608,0.06805555555555556,0,0.8326981067657471
0,E1,30110,outlier,"[0, 2]",4560,30,1380,30,0.765,0.23232323232323232,0.5,0.02127659574468085,0.04081632653061224,0,0.1771831512451172
0,E1,30110,outlier,"[0, 2]",3180,0,2760,60,0.54,0.46464646464646464,1.0,0.02127659574468085,0.04166666666666667,0,0.324721097946167
0,E1,30110,outlier,"[0, 2]",1800,-30,4140,90,0.315,0.696969696969697,1.5,0.02127659574468085,0.04195804195804196,0,0.4752991199493408
0,E1,30110,outlier,"[0, 2]",420,-60,5520,120,0.09,0.9292929292929293,2.0,0.02127659574468085,0.042105263157894736,0,0.6282892227172852
0,E1,30110,outlier,"[0, 2]",-960,-90,6900,150,-0.135,1.1616161616161615,2.5,0.02127659574468085,0.04219409282700422,0,0.7877881526947021
0,E1,30110,outlier,"[1, 2]",4562,43,1378,17,0.7631666666666667,0.231986531986532,0.2833333333333333,0.012186379928315413,0.023367697594501722,0,0.17323613166809082
0,E1,30110,outlier,"[1, 2]",3184,26,2756,34,0.5363333333333333,0.463973063973064,0.5666666666666667,0.012186379928315413,0.02385964912280702,0,0.3191099166870117
0,E1,30110,outlier,"[1, 2]",1806,9,4134,51,0.3095,0.695959595959596,0.85,0.012186379928315413,0.02402826855123675,0,0.4687480926513672
0,E1,30110,outlier,"[1, 2]",428,-8,5512,68,0.08266666666666667,0.927946127946128,1.1333333333333333,0.012186379928315413,0.024113475177304965,0,0.624039888381958
0,E1,30110,outlier,"[1, 2]",-950,-25,6890,85,-0.14416666666666667,1.15993265993266,1.4166666666666667,0.012186379928315413,0.02416488983653163,0,0.7813930511474609
0,E1,30110,outlier,"[0, 1, 2]",4561,5,1379,55,0.7693333333333333,0.23215488215488214,0.9166666666666666,0.038354253835425386,0.07362784471218206,0,0.18654203414916992
0,E1,30110,outlier,"[0, 1, 2]",3182,-50,2758,110,0.5486666666666666,0.4643097643097643,1.8333333333333333,0.038354253835425386,0.07513661202185792,0,0.3289761543273926
0,E1,30110,outlier,"[0, 1, 2]",1803,-105,4137,165,0.328,0.6964646464646465,2.75,0.038354253835425386,0.07565337001375516,0,0.48148488998413086
0,E1,30110,outlier,"[0, 1, 2]",424,-160,5516,220,0.10733333333333334,0.9286195286195286,3.6666666666666665,0.038354253835425386,0.07591442374051069,0,0.638787031173706
0,E1,30110,outlier,"[0, 1, 2]",-955,-215,6895,275,-0.11333333333333333,1.1607744107744107,4.583333333333333,0.038354253835425386,0.07607192254495158,0,0.7946560382843018
0,E1,30110,constant,[0],4559,57,1381,3,0.7603333333333333,0.2324915824915825,0.05,0.002167630057803468,0.004155124653739612,0,0.16301202774047852
0,E1,30110,constant,[0],3178,54,2762,6,0.5306666666666666,0.464983164983165,0.1,0.002167630057803468,0.004243281471004243,0,0.30971598625183105
0,E1,30110,constant,[0],1797,51,4143,9,0.301,0.6974747474747475,0.15,0.002167630057803468,0.004273504273504273,0,0.45723915100097656
0,E1,30110,constant,[0],416,48,5524,12,0.07133333333333333,0.92996632996633,0.2,0.002167630057803468,0.004288777698355968,0,0.6081972122192383
0,E1,30110,constant,[0],-965,45,6905,15,-0.15833333333333333,1.1624579124579124,0.25,0.002167630057803468,0.004297994269340974,0,0.7672629356384277
0,E1,30110,constant,[1],4559,45,1381,15,0.7623333333333333,0.2324915824915825,0.25,0.010744985673352435,0.020604395604395604,0,0.15604519844055176
0,E1,30110,constant,[1],3178,30,2762,30,0.5346666666666666,0.464983164983165,0.5,0.010744985673352435,0.021037868162692843,0,0.3003358840942383
0,E1,30110,constant,[1],1797,15,4143,45,0.307,0.6974747474747475,0.75,0.010744985673352435,0.0211864406779661,0,0.45467495918273926
0,E1,30110,constant,[1],416,0,5524,60,0.07933333333333334,0.92996632996633,1.0,0.010744985673352435,0.021261516654854713,0,0.6251161098480225
0,E1,30110,constant,[1],-965,-15,6905,75,-0.14833333333333334,1.1624579124579124,1.25,0.010744985673352435,0.02130681818181818,0,0.8031618595123291
0,E1,30110,constant,[2],4559,60,1381,0,0.7598333333333334,0.2324915824915825,0.0,0.0,0,0,0.17924809455871582
0,E1,30110,constant,[2],3178,60,2762,0,0.5296666666666666,0.464983164983165,0.0,0.0,0,0,0.33357810974121094
0,E1,30110,constant,[2],1797,60,4143,0,0.2995,0.6974747474747475,0.0,0.0,0,0,0.48664307594299316
0,E1,30110,constant,[2],416,60,5524,0,0.06933333333333333,0.92996632996633,0.0,0.0,0,0,0.6395492553710938
0,E1,30110,constant,[2],-965,60,6905,0,-0.16083333333333333,1.1624579124579124,0.0,0.0,0,0,0.7948331832885742
0,E1,30110,constant,"[0, 1]",4559,21,1381,39,0.7663333333333333,0.2324915824915825,0.65,0.027464788732394368,0.052702702702702706,0,0.16879701614379883
0,E1,30110,constant,"[0, 1]",3178,-18,2762,78,0.5426666666666666,0.464983164983165,1.3,0.027464788732394368,0.05379310344827586,0,0.3179190158843994
0,E1,30110,constant,"[0, 1]",1797,-57,4143,117,0.319,0.6974747474747475,1.95,0.027464788732394368,0.05416666666666667,0,0.4745521545410156
0,E1,30110,constant,"[0, 1]",416,-96,5524,156,0.09533333333333334,0.92996632996633,2.6,0.027464788732394368,0.05435540069686411,0,0.6250970363616943
0,E1,30110,constant,"[0, 1]",-965,-135,6905,195,-0.12833333333333333,1.1624579124579124,3.25,0.027464788732394368,0.054469273743016765,0,0.7815051078796387
0,E1,30110,constant,"[0, 2]",4559,20,1381,40,0.7665,0.2324915824915825,0.6666666666666666,0.028149190710767064,0.05401755570560432,0,0.16461920738220215
0,E1,30110,constant,"[0, 2]",3178,-20,2762,80,0.543,0.464983164983165,1.3333333333333333,0.028149190710767064,0.055134390075809774,0,0.3109099864959717
0,E1,30110,constant,"[0, 2]",1797,-60,4143,120,0.3195,0.6974747474747475,2.0,0.028149190710767064,0.055517002081887576,0,0.46208906173706055
0,E1,30110,constant,"[0, 2]",416,-100,5524,160,0.096,0.92996632996633,2.6666666666666665,0.028149190710767064,0.05571030640668523,0,0.6225061416625977
0,E1,30110,constant,"[0, 2]",-965,-140,6905,200,-0.1275,1.1624579124579124,3.3333333333333335,0.028149190710767064,0.05582693649685973,0,0.7811641693115234
0,E1,30110,constant,"[1, 2]",4559,20,1381,40,0.7665,0.2324915824915825,0.6666666666666666,0.028149190710767064,0.05401755570560432,0,0.16954612731933594
0,E1,30110,constant,"[1, 2]",3178,-20,2762,80,0.543,0.464983164983165,1.3333333333333333,0.028149190710767064,0.055134390075809774,0,0.3173670768737793
0,E1,30110,constant,"[1, 2]",1797,-60,4143,120,0.3195,0.6974747474747475,2.0,0.028149190710767064,0.055517002081887576,0,0.4651830196380615
0,E1,30110,constant,"[1, 2]",416,-100,5524,160,0.096,0.92996632996633,2.6666666666666665,0.028149190710767064,0.05571030640668523,0,0.6177999973297119
0,E1,30110,constant,"[1, 2]",-965,-140,6905,200,-0.1275,1.1624579124579124,3.3333333333333335,0.028149190710767064,0.05582693649685973,0,0.7746601104736328
0,E1,30110,constant,"[0, 1, 2]",4559,0,1381,60,0.7698333333333334,0.2324915824915825,1.0,0.041637751561415685,0.07994670219853431,0,0.17424798011779785
0,E1,30110,constant,"[0, 1, 2]",3178,-60,2762,120,0.5496666666666666,0.464983164983165,2.0,0.041637751561415685,0.08157715839564923,0,0.3212928771972656
0,E1,30110,constant,"[0, 1, 2]",1797,-120,4143,180,0.3295,0.6974747474747475,3.0,0.041637751561415685,0.08213552361396305,0,0.47925901412963867
0,E1,30110,constant,"[0, 1, 2]",416,-180,5524,240,0.10933333333333334,0.92996632996633,4.0,0.041637751561415685,0.08241758241758243,0,0.6288409233093262
0,E1,30110,constant,"[0, 1, 2]",-965,-240,6905,300,-0.11083333333333334,1.1624579124579124,5.0,0.041637751561415685,0.08258774948382658,0,0.7864930629730225
0,E1,30110,noise,[0],4560,54,1380,6,0.761,0.23232323232323232,0.1,0.004329004329004329,0.00829875518672199,0,0.15106725692749023
0,E1,30110,noise,[0],3180,48,2760,12,0.532,0.46464646464646464,0.2,0.004329004329004329,0.00847457627118644,0,0.2913200855255127
0,E1,30110,noise,[0],1800,42,4140,18,0.303,0.696969696969697,0.3,0.004329004329004329,0.008534850640113797,0,0.43079710006713867
0,E1,30110,noise,[0],420,36,5520,24,0.074,0.9292929292929293,0.4,0.004329004329004329,0.008565310492505352,0,0.5735161304473877
0,E1,30110,noise,[0],-960,30,6900,30,-0.155,1.1616161616161615,0.5,0.004329004329004329,0.008583690987124463,0,0.7297630310058594
0,E1,30110,noise,[1],4563,48,1377,12,0.7625,0.2318181818181818,0.2,0.008639308855291577,0.016563146997929608,0,0.16557598114013672
0,E1,30110,noise,[1],3186,36,2754,24,0.535,0.4636363636363636,0.4,0.008639308855291577,0.016913319238900635,0,0.3198070526123047
0,E1,30110,noise,[1],1809,24,4131,36,0.3075,0.6954545454545454,0.6,0.008639308855291577,0.017033356990773598,0,0.46491074562072754
0,E1,30110,noise,[1],432,12,5508,48,0.08,0.9272727272727272,0.8,0.008639308855291577,0.017094017094017092,0,0.6157748699188232
0,E1,30110,noise,[1],-945,0,6885,60,-0.1475,1.1590909090909092,1.0,0.008639308855291577,0.017130620985010708,0,0.7657778263092041
0,E1,30110,noise,[2],4564,48,1376,12,0.7626666666666667,0.23164983164983166,0.2,0.008645533141210375,0.016574585635359115,0,0.16804885864257812
0,E1,30110,noise,[2],3188,36,2752,24,0.5353333333333333,0.4632996632996633,0.4,0.008645533141210375,0.01692524682651622,0,0.314953088760376
0,E1,30110,noise,[2],1812,24,4128,36,0.308,0.694949494949495,0.6,0.008645533141210375,0.017045454545454544,0,0.45252108573913574
0,E1,30110,noise,[2],436,12,5504,48,0.08066666666666666,0.9265993265993266,0.8,0.008645533141210375,0.017106200997861726,0,0.5959250926971436
0,E1,30110,noise,[2],-940,0,6880,60,-0.14666666666666667,1.1582491582491583,1.0,0.008645533141210375,0.017142857142857147,0,0.7399718761444092
0,E1,30110,noise,"[0, 1]",4561,42,1379,18,0.7631666666666667,0.23215488215488214,0.3,0.012884753042233358,0.02470830473575841,0,0.16784906387329102
0,E1,30110,noise,"[0, 1]",3182,24,2758,36,0.5363333333333333,0.4643097643097643,0.6,0.012884753042233358,0.025227750525578137,0,0.3060152530670166
0,E1,30110,noise,"[0, 1]",1803,6,4137,54,0.3095,0.6964646464646465,0.9,0.012884753042233358,0.025405786873676787,0,0.4455540180206299
0,E1,30110,noise,"[0, 1]",424,-12,5516,72,0.08266666666666667,0.9286195286195286,1.2,0.012884753042233358,0.0254957507082153,0,0.5886611938476562
0,E1,30110,noise,"[0, 1]",-955,-30,6895,90,-0.14416666666666667,1.1607744107744107,1.5,0.012884753042233358,0.025550035486160402,0,0.7397139072418213
0,E1,30110,noise,"[0, 2]",4563,39,1377,21,0.764,0.2318181818181818,0.35,0.015021459227467811,0.02880658436213992,0,0.16917777061462402
0,E1,30110,noise,"[0, 2]",3186,18,2754,42,0.538,0.4636363636363636,0.7,0.015021459227467811,0.029411764705882356,0,0.3140227794647217
0,E1,30110,noise,"[0, 2]",1809,-3,4131,63,0.312,0.6954545454545454,1.05,0.015021459227467811,0.029619181946403384,0,0.45473265647888184
0,E1,30110,noise,"[0, 2]",432,-24,5508,84,0.086,0.9272727272727272,1.4,0.015021459227467811,0.029723991507431,0,0.6141576766967773
0,E1,30110,noise,"[0, 2]",-945,-45,6885,105,-0.14,1.1590909090909092,1.75,0.015021459227467811,0.029787234042553193,0,0.7769527435302734
0,E1,30110,noise,"[1, 2]",4563,40,1377,20,0.7638333333333334,0.2318181818181818,0.3333333333333333,0.014316392269148175,0.027453671928620457,0,0.19569826126098633
0,E1,30110,noise,"[1, 2]",3186,20,2754,40,0.5376666666666666,0.4636363636363636,0.6666666666666666,0.014316392269148175,0.028030833917309043,0,0.3432581424713135
0,E1,30110,noise,"[1, 2]",1809,0,4131,60,0.3115,0.6954545454545454,1.0,0.014316392269148175,0.02822865208186309,0,0.4893922805786133
0,E1,30110,noise,"[1, 2]",432,-20,5508,80,0.08533333333333333,0.9272727272727272,1.3333333333333333,0.014316392269148175,0.028328611898016998,0,0.6361532211303711
0,E1,30110,noise,"[1, 2]",-945,-40,6885,100,-0.14083333333333334,1.1590909090909092,1.6666666666666667,0.014316392269148175,0.028388928317955996,0,0.7873082160949707
0,E1,30110,noise,"[0, 1, 2]",4561,36,1379,24,0.7641666666666667,0.23215488215488214,0.4,0.017106200997861726,0.032809295967190705,0,0.17928099632263184
0,E1,30110,noise,"[0, 1, 2]",3182,12,2758,48,0.5383333333333333,0.4643097643097643,0.8,0.017106200997861726,0.03349616189811584,0,0.331697940826416
0,E1,30110,noise,"[0, 1, 2]",1803,-12,4137,72,0.3125,0.6964646464646465,1.2,0.017106200997861726,0.03373155305692199,0,0.47995805740356445
0,E1,30110,noise,"[0, 1, 2]",424,-36,5516,96,0.08666666666666667,0.9286195286195286,1.6,0.017106200997861726,0.03385049365303244,0,0.6382877826690674
0,E1,30110,noise,"[0, 1, 2]",-955,-60,6895,120,-0.13916666666666666,1.1607744107744107,2.0,0.017106200997861726,0.033922261484098944,0,0.7969839572906494
0,E1,30110,normal,[],4619,0,1381,0,0.7698333333333334,0.23016666666666666,0,0.0,0,0,0.14872217178344727
0,E1,30110,normal,[],3238,0,2762,0,0.5396666666666666,0.4603333333333333,0,0.0,0,0,0.3186991214752197
0,E1,30110,normal,[],1857,0,4143,0,0.3095,0.6905,0,0.0,0,0,0.541856050491333
0,E1,30110,normal,[],476,0,5524,0,0.07933333333333334,0.9206666666666666,0,0.0,0,0,0.704139232635498
0,E1,30110,normal,[],-905,0,6905,0,-0.15083333333333335,1.1508333333333334,0,0.0,0,0,0.9289290904998779
0,E1,30110,outlier,[0],4560,46,1380,14,0.7623333333333333,0.23232323232323232,0.23333333333333334,0.010043041606886656,0.019257221458046765,0,0.196397066116333
0,E1,30110,outlier,[0],3180,32,2760,28,0.5346666666666666,0.46464646464646464,0.4666666666666667,0.010043041606886656,0.019662921348314603,0,0.3700118064880371
0,E1,30110,outlier,[0],1800,18,4140,42,0.307,0.696969696969697,0.7,0.010043041606886656,0.0198019801980198,0,0.5366618633270264
0,E1,30110,outlier,[0],420,4,5520,56,0.07933333333333334,0.9292929292929293,0.9333333333333333,0.010043041606886656,0.0198722498225692,0,0.6948609352111816
0,E1,30110,outlier,[0],-960,-10,6900,70,-0.14833333333333334,1.1616161616161615,1.1666666666666667,0.010043041606886656,0.01991465149359886,0,0.8507487773895264
0,E1,30110,outlier,[1],4563,46,1377,14,0.7628333333333334,0.2318181818181818,0.23333333333333334,0.010064701653486701,0.019297036526533428,0,0.16803407669067383
0,E1,30110,outlier,[1],3186,32,2754,28,0.5356666666666666,0.4636363636363636,0.4666666666666667,0.010064701653486701,0.019704433497536946,0,0.31784915924072266
0,E1,30110,outlier,[1],1809,18,4131,42,0.3085,0.6954545454545454,0.7,0.010064701653486701,0.019844082211197732,0,0.46518707275390625
0,E1,30110,outlier,[1],432,4,5508,56,0.08133333333333333,0.9272727272727272,0.9333333333333333,0.010064701653486701,0.019914651493598865,0,0.6129841804504395
0,E1,30110,outlier,[1],-945,-10,6885,70,-0.14583333333333334,1.1590909090909092,1.1666666666666667,0.010064701653486701,0.019957234497505347,0,0.7840671539306641
0,E1,30110,outlier,[2],4564,50,1376,10,0.7623333333333333,0.23164983164983166,0.16666666666666666,0.007215007215007215,0.013831258644536652,0,0.16798067092895508
0,E1,30110,outlier,[2],3188,40,2752,20,0.5346666666666666,0.4632996632996633,0.3333333333333333,0.007215007215007215,0.014124293785310733,0,0.3102447986602783
0,E1,30110,outlier,[2],1812,30,4128,30,0.307,0.694949494949495,0.5,0.007215007215007215,0.01422475106685633,0,0.4515547752380371
0,E1,30110,outlier,[2],436,20,5504,40,0.07933333333333334,0.9265993265993266,0.6666666666666666,0.007215007215007215,0.01427551748750892,0,0.599632740020752
0,E1,30110,outlier,[2],-940,10,6880,50,-0.14833333333333334,1.1582491582491583,0.8333333333333334,0.007215007215007215,0.01430615164520744,0,0.7510929107666016
0,E1,30110,outlier,"[0, 1]",4562,9,1378,51,0.7688333333333334,0.231986531986532,0.85,0.03568929321203639,0.06850235057085292,0,0.18876910209655762
0,E1,30110,outlier,"[0, 1]",3184,-42,2756,102,0.5476666666666666,0.463973063973064,1.7,0.03568929321203639,0.06991089787525703,0,0.3700101375579834
0,E1,30110,outlier,"[0, 1]",1806,-93,4134,153,0.3265,0.695959595959596,2.55,0.03568929321203639,0.07039337474120083,0,0.5617451667785645
0,E1,30110,outlier,"[0, 1]",428,-144,5512,204,0.10533333333333333,0.927946127946128,3.4,0.03568929321203639,0.07063711911357341,0,0.7426421642303467
0,E1,30110,outlier,"[0, 1]",-950,-195,6890,255,-0.11583333333333333,1.15993265993266,4.25,0.03568929321203639,0.07078417765440667,0,0.93367600440979
0,E1,30110,outlier,"[0, 2]",4560,26,1380,34,0.7656666666666667,0.23232323232323232,0.5666666666666667,0.024045261669024046,0.04613297150610583,0,0.2265620231628418
0,E1,30110,outlier,"[0, 2]",3180,-8,2760,68,0.5413333333333333,0.46464646464646464,1.1333333333333333,0.024045261669024046,0.047091412742382266,0,0.4552309513092041
0,E1,30110,outlier,"[0, 2]",1800,-42,4140,102,0.317,0.696969696969697,1.7,0.024045261669024046,0.04741980474198047,0,0.6285018920898438
0,E1,30110,outlier,"[0, 2]",420,-76,5520,136,0.09266666666666666,0.9292929292929293,2.2666666666666666,0.024045261669024046,0.04758572428271519,0,0.8077421188354492
0,E1,30110,outlier,"[0, 2]",-960,-110,6900,170,-0.13166666666666665,1.1616161616161615,2.8333333333333335,0.024045261669024046,0.04768583450210379,0,0.9607279300689697
0,E1,30110,outlier,"[1, 2]",4562,48,1378,12,0.7623333333333333,0.231986531986532,0.2,0.008633093525179856,0.016551724137931035,0,0.19081807136535645
0,E1,30110,outlier,"[1, 2]",3184,36,2756,24,0.5346666666666666,0.463973063973064,0.4,0.008633093525179856,0.016901408450704224,0,0.34949493408203125
0,E1,30110,outlier,"[1, 2]",1806,24,4134,36,0.307,0.695959595959596,0.6,0.008633093525179856,0.01702127659574468,0,0.5146529674530029
0,E1,30110,outlier,"[1, 2]",428,12,5512,48,0.07933333333333334,0.927946127946128,0.8,0.008633093525179856,0.01708185053380783,0,0.6752629280090332
0,E1,30110,outlier,"[1, 2]",-950,0,6890,60,-0.14833333333333334,1.15993265993266,1.0,0.008633093525179856,0.017118402282453635,0,0.8392269611358643
0,E1,30110,outlier,"[0, 1, 2]",4564,6,1376,54,0.7696666666666667,0.23164983164983166,0.9,0.03776223776223776,0.07248322147651007,0,0.22055768966674805
0,E1,30110,outlier,"[0, 1, 2]",3188,-48,2752,108,0.5493333333333333,0.4632996632996633,1.8,0.03776223776223776,0.07397260273972603,0,0.40302586555480957
0,E1,30110,outlier,"[0, 1, 2]",1812,-102,4128,162,0.329,0.694949494949495,2.7,0.03776223776223776,0.07448275862068965,0,0.5770020484924316
0,E1,30110,outlier,"[0, 1, 2]",436,-156,5504,216,0.10866666666666666,0.9265993265993266,3.6,0.03776223776223776,0.07474048442906575,0,0.741743803024292
0,E1,30110,outlier,"[0, 1, 2]",-940,-210,6880,270,-0.11166666666666666,1.1582491582491583,4.5,0.03776223776223776,0.07489597780859916,0,0.9029219150543213
0,E1,30110,constant,[0],4579,40,1361,20,0.7665,0.22912457912457912,0.3333333333333333,0.01448225923244026,0.027758501040943788,0,0.15404319763183594
0,E1,30110,constant,[0],3218,20,2722,40,0.543,0.45824915824915824,0.6666666666666666,0.01448225923244026,0.028348688873139617,0,0.29612112045288086
0,E1,30110,constant,[0],1857,0,4083,60,0.3195,0.6873737373737374,1.0,0.01448225923244026,0.028551034975017844,0,0.44692301750183105
0,E1,30110,constant,[0],496,-20,5444,80,0.096,0.9164983164983165,1.3333333333333333,0.01448225923244026,0.028653295128939826,0,0.6219851970672607
0,E1,30110,constant,[0],-865,-40,6805,100,-0.1275,1.1456228956228955,1.6666666666666667,0.01448225923244026,0.028715003589375447,0,0.7802643775939941
0,E1,30110,constant,[1],4559,60,1381,0,0.7598333333333334,0.2324915824915825,0.0,0.0,0,0,0.15893197059631348
0,E1,30110,constant,[1],3178,60,2762,0,0.5296666666666666,0.464983164983165,0.0,0.0,0,0,0.29892492294311523
0,E1,30110,constant,[1],1797,60,4143,0,0.2995,0.6974747474747475,0.0,0.0,0,0,0.44736289978027344
0,E1,30110,constant,[1],416,60,5524,0,0.06933333333333333,0.92996632996633,0.0,0.0,0,0,0.602341890335083
0,E1,30110,constant,[1],-965,60,6905,0,-0.16083333333333333,1.1624579124579124,0.0,0.0,0,0,0.7563989162445068
0,E1,30110,constant,[2],4559,60,1381,0,0.7598333333333334,0.2324915824915825,0.0,0.0,0,0,0.15935587882995605
0,E1,30110,constant,[2],3178,60,2762,0,0.5296666666666666,0.464983164983165,0.0,0.0,0,0,0.34067296981811523
0,E1,30110,constant,[2],1797,60,4143,0,0.2995,0.6974747474747475,0.0,0.0,0,0,0.5218911170959473
0,E1,30110,constant,[2],416,60,5524,0,0.06933333333333333,0.92996632996633,0.0,0.0,0,0,0.7204082012176514
0,E1,30110,constant,[2],-965,60,6905,0,-0.16083333333333333,1.1624579124579124,0.0,0.0,0,0,0.9136240482330322
0,E1,30110,constant,"[0, 1]",4559,15,1381,45,0.7673333333333333,0.2324915824915825,0.75,0.03155680224403927,0.06056527590847914,0,0.17011499404907227
0,E1,30110,constant,"[0, 1]",3178,-30,2762,90,0.5446666666666666,0.464983164983165,1.5,0.03155680224403927,0.06181318681318681,0,0.31012511253356934
0,E1,30110,constant,"[0, 1]",1797,-75,4143,135,0.322,0.6974747474747475,2.25,0.03155680224403927,0.06224066390041494,0,0.46376585960388184
0,E1,30110,constant,"[0, 1]",416,-120,5524,180,0.09933333333333333,0.92996632996633,3.0,0.03155680224403927,0.062456627342123525,0,0.63226318359375
0,E1,30110,constant,"[0, 1]",-965,-165,6905,225,-0.12333333333333334,1.1624579124579124,3.75,0.03155680224403927,0.06258692628650904,0,0.7983968257904053
0,E1,30110,constant,"[0, 2]",4559,23,1381,37,0.766,0.2324915824915825,0.6166666666666667,0.02609308885754584,0.05006765899864682,0,0.18581700325012207
0,E1,30110,constant,"[0, 2]",3178,-14,2762,74,0.542,0.464983164983165,1.2333333333333334,0.02609308885754584,0.0511049723756906,0,0.34161901473999023
0,E1,30110,constant,"[0, 2]",1797,-51,4143,111,0.318,0.6974747474747475,1.85,0.02609308885754584,0.05146036161335188,0,0.5107359886169434
0,E1,30110,constant,"[0, 2]",416,-88,5524,148,0.094,0.92996632996633,2.466666666666667,0.02609308885754584,0.051639916259595256,0,0.6797339916229248
0,E1,30110,constant,"[0, 2]",-965,-125,6905,185,-0.13,1.1624579124579124,3.0833333333333335,0.02609308885754584,0.051748251748251754,0,0.8704369068145752
0,E1,30110,constant,"[1, 2]",4559,40,1381,20,0.7631666666666667,0.2324915824915825,0.3333333333333333,0.014275517487508922,0.02737850787132101,0,0.1810758113861084
0,E1,30110,constant,"[1, 2]",3178,20,2762,40,0.5363333333333333,0.464983164983165,0.6666666666666666,0.014275517487508922,0.027952480782669466,0,0.35596418380737305
0,E1,30110,constant,"[1, 2]",1797,0,4143,60,0.3095,0.6974747474747475,1.0,0.014275517487508922,0.028149190710767064,0,0.5503499507904053
0,E1,30110,constant,"[1, 2]",416,-20,5524,80,0.08266666666666667,0.92996632996633,1.3333333333333333,0.014275517487508922,0.028248587570621472,0,0.7198350429534912
0,E1,30110,constant,"[1, 2]",-965,-40,6905,100,-0.14416666666666667,1.1624579124579124,1.6666666666666667,0.014275517487508922,0.028308563340410476,0,0.8966598510742188
0,E1,30110,constant,"[0, 1, 2]",4559,0,1381,60,0.7698333333333334,0.2324915824915825,1.0,0.041637751561415685,0.07994670219853431,0,0.17059612274169922
0,E1,30110,constant,"[0, 1, 2]",3178,-60,2762,120,0.5496666666666666,0.464983164983165,2.0,0.041637751561415685,0.08157715839564923,0,0.31600499153137207
0,E1,30110,constant,"[0, 1, 2]",1797,-120,4143,180,0.3295,0.6974747474747475,3.0,0.041637751561415685,0.08213552361396305,0,0.4609801769256592
0,E1,30110,constant,"[0, 1, 2]",416,-180,5524,240,0.10933333333333334,0.92996632996633,4.0,0.041637751561415685,0.08241758241758243,0,0.6073882579803467
0,E1,30110,constant,"[0, 1, 2]",-965,-240,6905,300,-0.11083333333333334,1.1624579124579124,5.0,0.041637751561415685,0.08258774948382658,0,0.7622032165527344
0,E1,30110,noise,[0],4562,51,1378,9,0.7618333333333334,0.231986531986532,0.15,0.006488824801730353,0.012439530062197649,0,0.15994000434875488
0,E1,30110,noise,[0],3184,42,2756,18,0.5336666666666666,0.463973063973064,0.3,0.006488824801730353,0.01270289343683839,0,0.29476118087768555
0,E1,30110,noise,[0],1806,33,4134,27,0.3055,0.695959595959596,0.45,0.006488824801730353,0.01279317697228145,0,0.4289209842681885
0,E1,30110,noise,[0],428,24,5512,36,0.07733333333333334,0.927946127946128,0.6,0.006488824801730353,0.012838801711840226,0,0.5626740455627441
0,E1,30110,noise,[0],-950,15,6890,45,-0.15083333333333335,1.15993265993266,0.75,0.006488824801730353,0.012866333095067906,0,0.6983580589294434
0,E1,30110,noise,[1],4561,47,1379,13,0.7623333333333333,0.23215488215488214,0.21666666666666667,0.009339080459770116,0.017906336088154274,0,0.14563488960266113
0,E1,30110,noise,[1],3182,34,2758,26,0.5346666666666666,0.4643097643097643,0.43333333333333335,0.009339080459770116,0.018284106891701832,0,0.27905702590942383
0,E1,30110,noise,[1],1803,21,4137,39,0.307,0.6964646464646465,0.65,0.009339080459770116,0.018413597733711047,0,0.41478800773620605
0,E1,30110,noise,[1],424,8,5516,52,0.07933333333333334,0.9286195286195286,0.8666666666666667,0.009339080459770116,0.01847903340440654,0,0.5469770431518555
0,E1,30110,noise,[1],-955,-5,6895,65,-0.14833333333333334,1.1607744107744107,1.0833333333333333,0.009339080459770116,0.01851851851851852,0,0.6914839744567871
0,E1,30110,noise,[2],4561,52,1379,8,0.7615,0.23215488215488214,0.13333333333333333,0.005767844268204758,0.0110573600552868,0,0.14428496360778809
0,E1,30110,noise,[2],3182,44,2758,16,0.533,0.4643097643097643,0.26666666666666666,0.005767844268204758,0.011291460832745235,0,0.2772951126098633
0,E1,30110,noise,[2],1803,36,4137,24,0.3045,0.6964646464646465,0.4,0.005767844268204758,0.011371712864250177,0,0.40776705741882324
0,E1,30110,noise,[2],424,28,5516,32,0.076,0.9286195286195286,0.5333333333333333,0.005767844268204758,0.011412268188302424,0,0.5423049926757812
0,E1,30110,noise,[2],-955,20,6895,40,-0.1525,1.1607744107744107,0.6666666666666666,0.005767844268204758,0.01143674052894925,0,0.6810319423675537
0,E1,30110,noise,"[0, 1]",4561,46,1379,14,0.7625,0.23215488215488214,0.23333333333333334,0.010050251256281407,0.019270474879559532,0,0.16145992279052734
0,E1,30110,noise,"[0, 1]",3182,32,2758,28,0.535,0.4643097643097643,0.4666666666666667,0.010050251256281407,0.019676739283204497,0,0.29711103439331055
0,E1,30110,noise,"[0, 1]",1803,18,4137,42,0.3075,0.6964646464646465,0.7,0.010050251256281407,0.01981599433828733,0,0.43964481353759766
0,E1,30110,noise,"[0, 1]",424,4,5516,56,0.08,0.9286195286195286,0.9333333333333333,0.010050251256281407,0.019886363636363636,0,0.5880811214447021
0,E1,30110,noise,"[0, 1]",-955,-10,6895,70,-0.1475,1.1607744107744107,1.1666666666666667,0.010050251256281407,0.0199288256227758,0,0.7348048686981201
0,E1,30110,noise,"[0, 2]",4562,36,1378,24,0.7643333333333333,0.231986531986532,0.4,0.017118402282453638,0.03283173734610123,0,0.16458797454833984
0,E1,30110,noise,"[0, 2]",3184,12,2756,48,0.5386666666666666,0.463973063973064,0.8,0.017118402282453638,0.0335195530726257,0,0.3103299140930176
0,E1,30110,noise,"[0, 2]",1806,-12,4134,72,0.313,0.695959595959596,1.2,0.017118402282453638,0.03375527426160338,0,0.4548499584197998
0,E1,30110,noise,"[0, 2]",428,-36,5512,96,0.08733333333333333,0.927946127946128,1.6,0.017118402282453638,0.03387438249823571,0,0.592458963394165
0,E1,30110,noise,"[0, 2]",-950,-60,6890,120,-0.13833333333333334,1.15993265993266,2.0,0.017118402282453638,0.033946251768033946,0,0.7259657382965088
0,E1,30110,noise,"[1, 2]",4561,39,1379,21,0.7636666666666667,0.23215488215488214,0.35,0.015,0.02876712328767123,0,0.15386104583740234
0,E1,30110,noise,"[1, 2]",3182,18,2758,42,0.5373333333333333,0.4643097643097643,0.7,0.015,0.02937062937062937,0,0.2867701053619385
0,E1,30110,noise,"[1, 2]",1803,-3,4137,63,0.311,0.6964646464646465,1.05,0.015,0.029577464788732397,0,0.41951799392700195
0,E1,30110,noise,"[1, 2]",424,-24,5516,84,0.08466666666666667,0.9286195286195286,1.4,0.015,0.029681978798586573,0,0.556196928024292
0,E1,30110,noise,"[1, 2]",-955,-45,6895,105,-0.14166666666666666,1.1607744107744107,1.75,0.015,0.029745042492917848,0,0.6894369125366211
0,E1,30110,noise,"[0, 1, 2]",4561,30,1379,30,0.7651666666666667,0.23215488215488214,0.5,0.021291696238467,0.04084411164057181,0,0.16428589820861816
0,E1,30110,noise,"[0, 1, 2]",3182,0,2758,60,0.5403333333333333,0.4643097643097643,1.0,0.021291696238467,0.04169562195969423,0,0.29819703102111816
0,E1,30110,noise,"[0, 1, 2]",1803,-30,4137,90,0.3155,0.6964646464646465,1.5,0.021291696238467,0.04198740377886634,0,0.4309089183807373
0,E1,30110,noise,"[0, 1, 2]",424,-60,5516,120,0.09066666666666667,0.9286195286195286,2.0,0.021291696238467,0.042134831460674156,0,0.5660429000854492
0,E1,30110,noise,"[0, 1, 2]",-955,-90,6895,150,-0.13416666666666666,1.1607744107744107,2.5,0.021291696238467,0.0422237860661506,0,0.7040510177612305
0,E1,30110,normal,[],4619,0,1381,0,0.7698333333333334,0.23016666666666666,0,0.0,0,0,0.1263258457183838
0,E1,30110,normal,[],3238,0,2762,0,0.5396666666666666,0.4603333333333333,0,0.0,0,0,0.2614779472351074
0,E1,30110,normal,[],1857,0,4143,0,0.3095,0.6905,0,0.0,0,0,0.39122796058654785
0,E1,30110,normal,[],476,0,5524,0,0.07933333333333334,0.9206666666666666,0,0.0,0,0,0.5224959850311279
0,E1,30110,normal,[],-905,0,6905,0,-0.15083333333333335,1.1508333333333334,0,0.0,0,0,0.6567959785461426
0,E1,30110,outlier,[0],4561,49,1379,11,0.762,0.23215488215488214,0.18333333333333332,0.007913669064748202,0.015172413793103448,0,0.1527690887451172
0,E1,30110,outlier,[0],3182,38,2758,22,0.534,0.4643097643097643,0.36666666666666664,0.007913669064748202,0.015492957746478872,0,0.2898421287536621
0,E1,30110,outlier,[0],1803,27,4137,33,0.306,0.6964646464646465,0.55,0.007913669064748202,0.015602836879432622,0,0.43137311935424805
0,E1,30110,outlier,[0],424,16,5516,44,0.078,0.9286195286195286,0.7333333333333333,0.007913669064748202,0.015658362989323844,0,0.5777430534362793
0,E1,30110,outlier,[0],-955,5,6895,55,-0.15,1.1607744107744107,0.9166666666666666,0.007913669064748202,0.015691868758915834,0,0.7353100776672363
0,E1,30110,outlier,[1],4565,45,1375,15,0.7633333333333333,0.23148148148148148,0.25,0.01079136690647482,0.020689655172413796,0,0.15140414237976074
0,E1,30110,outlier,[1],3190,30,2750,30,0.5366666666666666,0.46296296296296297,0.5,0.01079136690647482,0.02112676056338028,0,0.2881202697753906
0,E1,30110,outlier,[1],1815,15,4125,45,0.31,0.6944444444444444,0.75,0.01079136690647482,0.02127659574468085,0,0.4295492172241211
0,E1,30110,outlier,[1],440,0,5500,60,0.08333333333333333,0.9259259259259259,1.0,0.01079136690647482,0.02135231316725979,0,0.5818700790405273
0,E1,30110,outlier,[1],-935,-15,6875,75,-0.14333333333333334,1.1574074074074074,1.25,0.01079136690647482,0.02139800285306705,0,0.7329270839691162
0,E1,30110,outlier,[2],4559,53,1381,7,0.761,0.2324915824915825,0.11666666666666667,0.005043227665706052,0.009668508287292817,0,0.1509389877319336
0,E1,30110,outlier,[2],3178,46,2762,14,0.532,0.464983164983165,0.23333333333333334,0.005043227665706052,0.009873060648801127,0,0.28939390182495117
0,E1,30110,outlier,[2],1797,39,4143,21,0.303,0.6974747474747475,0.35,0.005043227665706052,0.00994318181818182,0,0.44951391220092773
0,E1,30110,outlier,[2],416,32,5524,28,0.074,0.92996632996633,0.4666666666666667,0.005043227665706052,0.009978617248752673,0,0.6251561641693115
0,E1,30110,outlier,[2],-965,25,6905,35,-0.155,1.1624579124579124,0.5833333333333334,0.005043227665706052,0.009999999999999998,0,0.8085041046142578
0,E1,30110,outlier,"[0, 1]",4562,16,1378,44,0.7676666666666667,0.231986531986532,0.7333333333333333,0.030942334739803096,0.059379217273954114,0,0.19239401817321777
0,E1,30110,outlier,"[0, 1]",3184,-28,2756,88,0.5453333333333333,0.463973063973064,1.4666666666666666,0.030942334739803096,0.06060606060606061,0,0.3637359142303467
0,E1,30110,outlier,"[0, 1]",1806,-72,4134,132,0.323,0.695959595959596,2.2,0.030942334739803096,0.06102635228848822,0,0.5392239093780518
0,E1,30110,outlier,"[0, 1]",428,-116,5512,176,0.10066666666666667,0.927946127946128,2.933333333333333,0.030942334739803096,0.061238691718858734,0,0.7043659687042236
0,E1,30110,outlier,"[0, 1]",-950,-160,6890,220,-0.12166666666666667,1.15993265993266,3.6666666666666665,0.030942334739803096,0.06136680613668062,0,1.1113967895507812
0,E1,30110,outlier,"[0, 2]",4561,30,1379,30,0.7651666666666667,0.23215488215488214,0.5,0.021291696238467,0.04084411164057181,0,0.30014681816101074
0,E1,30110,outlier,"[0, 2]",3182,0,2758,60,0.5403333333333333,0.4643097643097643,1.0,0.021291696238467,0.04169562195969423,0,0.5074329376220703
0,E1,30110,outlier,"[0, 2]",1803,-30,4137,90,0.3155,0.6964646464646465,1.5,0.021291696238467,0.04198740377886634,0,0.7456729412078857
0,E1,30110,outlier,"[0, 2]",424,-60,5516,120,0.09066666666666667,0.9286195286195286,2.0,0.021291696238467,0.042134831460674156,0,0.9756269454956055
0,E1,30110,outlier,"[0, 2]",-955,-90,6895,150,-0.13416666666666666,1.1607744107744107,2.5,0.021291696238467,0.0422237860661506,0,1.2087178230285645
0,E1,30110,outlier,"[1, 2]",4564,43,1376,17,0.7635,0.23164983164983166,0.2833333333333333,0.012203876525484566,0.023399862353750862,0,0.26534199714660645
0,E1,30110,outlier,"[1, 2]",3188,26,2752,34,0.537,0.4632996632996633,0.5666666666666667,0.012203876525484566,0.023893183415319746,0,0.5208570957183838
0,E1,30110,outlier,"[1, 2]",1812,9,4128,51,0.3105,0.694949494949495,0.85,0.012203876525484566,0.024062278839348902,0,0.9529500007629395
0,E1,30110,outlier,"[1, 2]",436,-8,5504,68,0.084,0.9265993265993266,1.1333333333333333,0.012203876525484566,0.024147727272727272,0,1.237856149673462
0,E1,30110,outlier,"[1, 2]",-940,-25,6880,85,-0.1425,1.1582491582491583,1.4166666666666667,0.012203876525484566,0.024199288256227757,0,1.6345851421356201
0,E1,30110,outlier,"[0, 1, 2]",4560,3,1380,57,0.7695,0.23232323232323232,0.95,0.03966597077244259,0.07615230460921843,0,0.2609729766845703
0,E1,30110,outlier,"[0, 1, 2]",3180,-54,2760,114,0.549,0.46464646464646464,1.9,0.03966597077244259,0.07770961145194274,0,0.4300410747528076
0,E1,30110,outlier,"[0, 1, 2]",1800,-111,4140,171,0.3285,0.696969696969697,2.85,0.03966597077244259,0.0782429649965683,0,0.6169459819793701
0,E1,30110,outlier,"[0, 1, 2]",420,-168,5520,228,0.108,0.9292929292929293,3.8,0.03966597077244259,0.07851239669421486,0,0.8085329532623291
0,E1,30110,outlier,"[0, 1, 2]",-960,-225,6900,285,-0.1125,1.1616161616161615,4.75,0.03966597077244259,0.07867494824016565,0,0.9729180335998535
0,E1,30110,constant,[0],4559,60,1381,0,0.7598333333333334,0.2324915824915825,0.0,0.0,0,0,0.17200183868408203
0,E1,30110,constant,[0],3178,60,2762,0,0.5296666666666666,0.464983164983165,0.0,0.0,0,0,0.3199629783630371
0,E1,30110,constant,[0],1797,60,4143,0,0.2995,0.6974747474747475,0.0,0.0,0,0,0.47153806686401367
0,E1,30110,constant,[0],416,60,5524,0,0.06933333333333333,0.92996632996633,0.0,0.0,0,0,0.6247167587280273
0,E1,30110,constant,[0],-965,60,6905,0,-0.16083333333333333,1.1624579124579124,0.0,0.0,0,0,0.7730538845062256
0,E1,30110,normal,[],4619,0,1381,0,0.7698333333333334,0.23016666666666666,0,0.0,0,0,0.4616429805755615
0,E1,30110,normal,[],3238,0,2762,0,0.5396666666666666,0.4603333333333333,0,0.0,0,0,0.8748762607574463
0,E1,30110,normal,[],1857,0,4143,0,0.3095,0.6905,0,0.0,0,0,1.2941570281982422
0,E1,30110,normal,[],476,0,5524,0,0.07933333333333334,0.9206666666666666,0,0.0,0,0,1.722811222076416
0,E1,30110,normal,[],-905,0,6905,0,-0.15083333333333335,1.1508333333333334,0,0.0,0,0,2.144357204437256
