77.908,29.01,7
77.881,29.05,0
77.962,29.02,5
77.962,29.03,0
77.989,29.02,2
78.043,28.96,4
78.069,28.98,4
78.123,28.96,3
78.123,28.96,6
78.15,28.96,5
78.23,28.92,8
78.177,28.95,5
78.204,28.92,6
78.284,28.91,5
78.311,28.83,4
78.418,28.73,4
78.525,28.67,0
78.552,28.66,3
78.498,28.7,4
78.498,28.7,4
78.605,28.64,4
78.686,28.58,0
78.686,28.58,3
78.766,28.54,9
78.819,28.47,5
78.926,28.41,0
78.926,28.41,4
79.006,28.39,3
79.006,28.4,2
79.006,28.46,4
78.952,28.56,8
78.926,28.62,26
78.952,28.55,50
78.952,28.61,74
78.979,28.6,95
79.006,28.62,136
78.952,28.73,220
78.846,28.79,336
78.872,28.84,477
78.819,28.94,638
78.712,29.05,812
78.659,29.18,972
78.552,29.32,1040
78.418,29.49,1081
78.23,29.67,1113
78.096,29.84,1123
78.016,30,1127
77.962,30.08,1122
77.962,30.1,1037
78.069,30.05,946
78.123,30.18,1123
77.801,30.49,1155
77.504,30.82,1152
77.261,31.12,1175
76.937,31.47,1189
75.657,32.4,1198
73.895,33.35,1216
74.062,33.59,1188
74.669,33.4,1233
74.697,33.35,1274
74.559,33.34,1204
75.164,33.11,1284
75.082,33.32,1237
75.027,33.55,1225
74.697,33.89,1228
74.421,34.28,1239
74.172,34.5,1220
74.117,34.67,1206
74.062,34.78,1193
74.062,34.95,1224
74.006,35.07,1215
73.312,35.59,1230
72.922,35.98,1229
72.894,36.13,1227
72.95,36.14,1229
73.201,36.06,1216
73.257,36.04,1232
72.922,36.22,1233
72.866,36.43,1232
72.699,36.56,1248
72.559,36.84,1251
72.447,37.01,1322
72.11,37.19,1280
71.914,37.51,1295
71.83,37.35,1282
71.773,37.35,1315
71.745,37.56,1275
71.604,38.03,1349
71.125,38.16,1318
70.785,38.12,1340
70.615,38.13,1230
70.473,37.4,1307
70.955,36.89,1212
71.463,36.56,1249
71.435,36.51,1221
71.181,36.72,1220
71.294,36.73,1278
71.153,36.75,1257
71.096,36.69,1190
71.294,36.53,1172
71.745,36.44,1219
71.717,36.33,1176
71.745,36.1,1118
71.97,35.69,1106
72.082,35.54,1067
72.054,35.42,1049
72.054,35.3,1003
72.11,35.16,908
72.279,34.86,325
72.782,34.38,172
72.838,34.28,118
72.894,34.1,87
73.117,33.85,60
73.312,33.61,38
73.423,33.45,19
73.479,33.34,9
73.535,33.2,5
73.59,33.08,1
73.757,32.87,9
73.812,32.8,7
73.923,32.62,2
74.172,32.39,5
74.366,32.17,4
74.421,32.14,0
74.31,32.15,12
74.393,32.03,4
74.476,31.92,4
74.476,31.86,5
74.559,31.73,7
74.559,31.65,11
74.724,31.43,6
74.917,31.26,4
74.999,31.14,6
75.082,31.04,5
75.082,31.01,6
75.137,30.94,5
75.246,30.82,4
75.356,30.72,4
75.466,30.62,15
75.52,30.57,4
75.466,30.59,0
75.548,30.54,4
75.466,30.58,4
75.274,30.8,2
75.109,30.84,4
75.246,30.66,8
75.411,30.57,5
75.603,30.37,5
75.712,30.27,5
75.685,30.28,0
75.63,30.31,3
75.657,30.24,12
75.821,30.09,4
75.931,29.96,1
76.012,29.9,0
76.121,29.8,3
76.176,29.76,5
76.23,29.67,0
76.367,29.56,2
76.448,29.5,3
76.503,29.45,4
76.584,29.38,4
76.693,29.3,0
76.774,29.25,4
76.774,29.25,9
76.747,29.22,4
76.801,29.18,4
76.774,29.2,1
76.801,29.18,0
76.828,29.14,8
76.91,29.1,4
76.937,29.1,4
76.937,29.09,0
76.991,29.06,5
77.045,29.02,9
77.045,29.03,23
77.126,28.98,48
77.18,28.98,89
77.153,29.04,155
77.126,29.12,210
77.126,29.2,274
77.072,29.3,337
77.018,29.43,409
76.855,29.66,476
76.693,29.85,550
76.503,30.11,601
76.394,30.3,641
76.285,30.53,711
76.176,30.8,821
76.04,31.03,903
75.958,31.24,982
75.849,31.46,1030
75.767,31.71,1065
75.603,31.93,1092
75.411,32.18,1119
75.192,32.48,1135
74.944,32.8,1155
74.697,33.12,1168
74.559,33.38,1178
73.729,34.03,1194
72.307,34.83,1203
72.279,35.18,1193
72.026,35.71,1282
71.209,36.24,1317
71.322,36.24,1255
72.026,36.06,1239
72.447,35.97,1228
72.531,36.09,1236
72.475,36.14,1224
72.419,36.24,1211
72.167,36.47,1217
73.089,35.66,1071
73.978,34.92,1082
74.366,34.54,1097
74.448,34.27,1120
74.641,34.08,1095
74.862,33.79,885
75.082,33.49,628
75.356,33.02,538
75.603,32.77,569
75.712,32.5,591
75.794,32.33,687
75.931,32,812
76.067,31.87,920
75.876,31.94,1019
75.821,31.86,1003
75.931,31.7,997
75.876,31.71,1027
75.794,31.74,1066
75.685,31.82,1082
75.657,31.84,982
75.712,31.77,844
75.739,31.78,897
75.739,31.6,988
76.176,31.13,1050
76.503,30.98,930
76.448,31.01,808
76.367,31.03,839
76.285,31.08,830
76.121,31.15,881
76.121,31.1,858
76.149,31.07,870
76.121,31.04,918
76.094,31.03,617
76.23,30.88,396
76.394,30.58,257
76.91,30.15,334
77.072,30,340
77.126,29.93,345
77.153,29.8,458
77.369,29.64,417
77.396,29.72,78
77.396,29.56,353
77.423,29.39,240
77.477,29.18,176
77.639,28.95,123
77.854,28.71,92
78.016,28.54,33
78.123,28.35,11
78.177,28.23,7
78.123,28.24,2
78.123,28.18,5
78.177,28.03,4
78.338,27.89,3
78.364,27.81,4
78.364,27.75,6
78.445,27.66,6
78.445,27.62,2
78.418,27.68,4
78.257,27.78,2
78.23,27.84,4
78.096,28,5
77.962,28.1,3
77.962,28.06,5
78.069,28.06,8
78.096,28.02,0
78.177,27.94,5
78.23,27.92,0
78.284,27.89,4
78.338,27.9,5
78.364,27.87,5
78.391,27.81,0
78.472,27.76,5
78.498,27.74,4
78.525,27.7,5
78.552,27.65,4
78.579,27.63,16
78.605,27.58,5
78.632,27.58,0
78.632,27.54,4
78.659,27.52,0
78.739,27.45,4
78.792,27.42,4
78.739,27.43,4
78.766,27.41,4
78.899,27.26,7
78.979,27.21,3
78.952,27.24,4
78.926,27.23,6
78.952,27.2,13
79.032,27.09,4
79.139,27,4
79.272,26.88,5
79.405,26.75,4
79.485,26.69,3
79.564,26.65,2
79.405,26.78,4
79.272,26.91,4
78.979,27.19,4
78.819,27.24,3
78.872,27.2,4
78.872,27.19,16
78.899,27.21,2
78.899,27.23,4
78.926,27.25,5
78.952,27.22,1
78.952,27.27,5
78.952,27.2,3
79.059,27.15,22
79.139,27.16,90
79.086,27.16,111
79.139,27.1,243
79.139,27.11,350
79.112,27.15,332
79.086,27.21,392
79.059,27.25,495
79.032,27.32,643
78.979,27.44,742
78.899,27.56,915
78.819,27.71,963
78.739,27.83,1009
78.632,27.98,1010
78.552,28.13,1042
78.445,28.29,1111
78.257,28.5,1110
78.069,28.73,1120
77.962,28.9,1141
77.774,29.14,1159
77.585,29.36,1173
77.369,29.67,1183
77.099,30.02,1215
76.584,30.53,1212
76.23,30.95,1224
75.411,31.67,1199
74.586,32.3,1259
74.227,32.66,1223
74.834,32.52,1204
75.63,32.1,1239
75.52,32.25,1212
75.712,31.91,1184
75.685,32.18,1211
75.466,32.37,1214
74.752,33.09,1227
74.421,33.46,1217
74.366,33.54,1258
73.784,34.05,1237
73.396,34.47,1231
73.257,34.45,1226
73.479,34.25,1224
72.643,34.51,1230
72.782,34.36,1233
72.531,34.28,1239
72.782,34.34,1215
72.643,34.58,1230
72.335,34.82,1225
71.83,35,1231
71.886,35.05,1238
71.435,35.64,1233
71.407,36.01,1340
71.294,36.3,1304
71.153,36.42,1308
71.209,36.97,1313
70.757,37.02,1301
70.445,37.22,1336
70.728,37.38,1261
70.502,37.62,1375
70.558,37.84,1340
70.217,38.14,1351
69.933,37.85,1253
69.876,37.49,1307
70.303,36.84,1212
71.351,34.87,982
72.391,33.07,1124
73.173,32.14,1101
73.479,31.55,1107
73.674,31.42,1104
73.674,31.38,1097
73.646,31.44,1078
73.507,31.54,1059
73.507,31.54,1036
73.59,31.47,1020
73.674,31.42,991
73.729,31.34,888
73.812,31.24,640
73.978,31.11,508
73.951,31.08,474
73.895,31.1,646
73.812,31.17,581
73.812,31.14,400
73.784,31.12,282
73.923,30.97,179
74.034,30.84,66
74.089,30.74,28
74.145,30.67,6
74.255,30.51,18
74.393,30.41,5
74.504,30.29,4
74.586,30.24,4
74.586,30.19,3
74.614,30.13,4
74.641,30.07,4
74.669,30,13
74.779,29.91,0
74.834,29.84,4
74.889,29.74,4
75.027,29.64,4
75.082,29.57,4
75.082,29.52,4
75.164,29.46,12
75.219,29.38,6
75.356,29.31,9
75.466,29.25,6
75.575,29.19,4
75.657,29.12,4
75.794,29.07,2
75.849,29.04,1
75.876,29.01,4
75.985,28.94,5
76.067,28.9,0
76.149,28.82,5
76.23,28.77,4
76.285,28.76,4
76.285,28.76,2
76.312,28.75,3
76.339,28.75,5
76.339,28.76,4
76.339,28.75,10
76.339,28.78,3
76.339,28.75,4
76.421,28.69,4
76.53,28.62,2
76.638,28.61,5
76.638,28.58,0
76.747,28.53,3
76.774,28.53,5
76.747,28.55,5
76.774,28.5,0
76.937,28.43,4
76.964,28.4,5
76.991,28.4,7
77.018,28.4,9
77.072,28.34,5
77.153,28.27,5
77.288,28.2,2
77.369,28.13,3
77.45,28.04,4
77.558,27.96,7
77.639,27.93,32
77.693,27.92,5
77.747,27.9,3
77.801,27.86,4
77.854,27.86,3
77.827,27.87,8
77.854,27.88,19
77.854,27.85,34
77.962,27.8,93
78.016,27.78,133
78.016,27.85,218
77.962,27.93,292
77.935,28.02,362
77.908,28.12,441
77.827,28.25,520
77.72,28.42,576
77.477,28.69,617
77.261,28.97,663
76.991,29.24,745
76.828,29.48,815
76.665,29.73,909
76.448,29.99,943
76.285,30.24,1016
76.176,30.47,1060
75.903,30.78,1095
75.712,31.07,1125
75.466,31.4,1144
75.137,31.75,1147
74.889,32.1,1173
74.586,32.49,1186
74.089,32.97,1158
73.812,33.33,1230
72.559,34.24,1223
71.689,35.18,1260
70.842,35.82,1215
71.012,35.82,1232
72.251,35.18,1252
72.447,34.83,1243
72.866,34.57,1165
73.34,34.28,1226
72.363,35.06,1216
72.531,34.91,1145
71.998,35.39,1230
71.322,35.76,1221
70.672,36.13,1227
70.672,36.38,1226
69.79,36.74,1245
69.59,36.75,1216
69.533,36.95,1216
69.562,36.95,1200
69.304,36.99,1221
69.19,37.26,1218
68.558,37.17,1224
68.414,37.31,1235
68.011,37.46,1235
67.866,37.92,1329
67.866,38.23,1296
67.751,38.52,1319
68.155,38.19,1172
69.161,37.28,1191
69.362,37.22,1297
68.874,37.74,1203
69.132,37.74,1335
68.616,38.35,1302
68.328,38.62,1304
68.241,38.66,1237
68.299,38.5,1292
68.357,38,1242
68.989,37.27,1163
68.96,37.06,1240
68.874,37.06,1208
68.673,36.89,1235
68.731,36.83,1191
68.702,36.86,1193
68.788,36.78,1190
68.96,36.88,1214
68.817,36.77,1169
69.046,36.48,1163
69.104,36.25,1137
69.218,36.02,1138
69.304,35.73,1092
69.562,35.48,1051
69.847,35.18,770
70.189,34.93,881
70.274,34.82,824
70.473,34.62,682
70.615,34.45,701
70.785,34.26,345
70.898,34.08,264
71.181,33.77,34
71.266,33.67,17
71.181,33.56,12
71.266,33.41,18
71.435,33.17,15
71.745,32.85,4
71.914,32.67,1
72.026,32.51,3
72.082,32.42,3
72.082,32.39,4
71.998,32.48,2
71.914,32.48,7
71.942,32.42,4
71.942,32.41,4
71.886,32.42,4
71.942,32.34,9
72.082,32.18,0
72.167,32.1,4
72.223,32.02,4
72.251,31.97,6
72.335,31.84,3
72.419,31.77,3
72.503,31.66,4
72.559,31.59,4
72.643,31.49,4
72.671,31.44,6
72.699,31.39,6
72.755,31.34,5
72.782,31.32,11
72.81,31.25,13
72.894,31.13,5
73.089,31,3
73.257,30.84,5
73.312,30.76,4
73.368,30.7,6
73.396,30.66,5
73.451,30.64,5
73.451,30.64,5
73.451,30.63,4
73.423,30.68,0
73.59,30.46,12
73.784,30.32,4
73.923,30.21,11
73.978,30.15,2
74.062,30.14,5
73.978,30.18,0
73.895,30.23,0
73.812,30.28,5
73.84,30.22,0
73.978,30.09,3
74.145,29.95,5
74.227,29.84,5
74.421,29.64,1
74.614,29.52,9
74.641,29.48,4
74.669,29.44,4
74.697,29.43,4
74.724,29.41,3
74.779,29.36,4
74.752,29.42,0
74.779,29.38,0
74.889,29.26,20
75.027,29.17,37
75.082,29.13,79
75.164,29.06,139
75.246,29.03,205
75.274,29.04,276
75.246,29.09,362
75.192,29.21,462
75.109,29.41,549
74.944,29.62,656
74.752,29.85,771
74.641,30.02,824
74.559,30.18,929
74.421,30.35,982
74.338,30.53,1039
74.172,30.73,1073
74.034,30.88,1091
73.868,31.07,1107
73.701,31.28,1126
73.535,31.49,1134
73.396,31.71,1161
73.089,32.04,1170
72.838,32.28,1177
72.671,32.55,1173
72.026,33.06,1198
71.689,33.41,1225
71.209,33.87,1211
70.445,34.53,1290
69.819,35,1243
69.961,35.07,1227
70.416,34.96,1278
70.36,35.03,1232
70.274,35.26,1224
70.104,35.49,1237
69.933,35.62,1226
69.904,35.71,1230
69.476,35.93,1234
69.505,35.89,1233
69.018,36.21,1233
68.731,36.38,1232
68.386,36.74,1231
68.213,36.95,1229
68.184,37.12,1229
68.27,36.88,1229
68.155,36.78,1240
68.068,36.9,1238
67.895,37.25,1241
67.751,37.52,1230
67.403,37.95,1243
67.519,38.09,1196
68.328,37.17,1095
69.562,35.64,992
70.416,34.62,843
70.983,33.83,1052
71.209,33.33,1007
71.52,32.85,983
71.717,32.45,969
71.745,32.23,1014
71.745,32.11,1078
71.717,32.05,1123
71.576,32.12,1137
71.379,32.24,1124
71.294,32.29,1117
71.266,32.31,1100
71.266,32.32,1093
71.266,32.35,1111
70.842,32.65,1176
70.445,33.1,1207
70.018,33.5,1229
69.847,33.84,1227
69.733,33.88,1185
69.79,33.82,1147
69.933,33.7,1100
70.16,33.44,1042
70.388,33.29,918
70.615,33.08,834
70.785,32.88,576
70.983,32.66,417
71.153,32.47,326
71.238,32.35,265
71.238,32.29,179
71.125,32.34,96
71.181,32.26,45
71.266,32.08,5
71.379,31.82,11
71.661,31.46,5
71.83,31.26,2
71.914,31.11,10
71.998,30.98,0
72.11,30.85,4
72.195,30.71,3
72.307,30.56,4
72.419,30.42,6
72.503,30.3,3
72.531,30.22,5
72.531,30.18,12
72.531,30.18,4
72.587,30.1,4
72.643,30,0
72.755,29.92,4
72.727,29.91,11
72.727,29.91,4
72.671,29.98,1
72.643,29.97,5
72.615,29.94,4
72.727,29.8,4
72.727,29.76,0
72.782,29.65,4
72.894,29.53,3
72.866,29.53,3
72.838,29.49,4
72.894,29.41,0
72.978,29.29,4
73.062,29.18,6
73.117,29.08,4
73.145,29,8
73.173,28.97,4
73.062,29.07,4
72.978,29.07,1
73.062,28.96,5
73.145,28.88,3
73.201,28.85,4
73.229,28.83,6
73.284,28.79,3
73.312,28.76,4
73.423,28.7,5
73.507,28.62,5
73.59,28.57,0
73.59,28.65,6
73.535,28.69,0
73.646,28.62,13
73.701,28.64,6
73.757,28.61,0
73.84,28.56,5
73.923,28.49,13
74.006,28.44,5
74.117,28.4,4
74.145,28.4,4
74.255,28.33,0
74.338,28.29,3
74.421,28.27,4
74.476,28.24,0
74.531,28.25,5
74.531,28.27,20
74.586,28.24,11
74.669,28.24,33
74.724,28.24,68
74.807,28.2,115
74.862,28.2,215
74.834,28.28,314
74.807,28.35,311
74.807,28.42,377
74.752,28.54,514
74.614,28.73,522
74.586,28.87,546
74.504,29.09,725
74.31,29.38,811
74.145,29.66,956
73.978,29.94,1011
73.895,30.17,1006
73.923,30.41,1082
73.868,30.67,1100
73.868,30.93,1128
73.868,31.19,1158
73.84,31.36,1165
73.701,31.67,1180
73.396,31.99,1180
73.284,32.17,1193
72.755,32.62,1203
73.034,32.69,1213
72.587,33.11,1219
71.548,33.88,1309
70.331,34.62,1268
70.502,34.6,1287
70.813,34.81,1347
70.728,34.88,1211
71.012,34.81,1227
70.955,34.75,1196
71.153,34.66,1237
71.096,34.74,1278
71.068,34.73,1162
71.633,34.37,1161
71.773,34.2,1087
72.082,33.93,1137
72.782,32.82,1138
76.094,29.72,1106
77.288,28.18,1092
77.801,27.68,1077
77.531,27.54,726
77.207,27.74,1046
76.882,27.82,1069
77.045,27.54,1058
77.072,27.56,1070
76.611,27.9,1115
76.339,28.15,1152
76.23,28.28,1148
76.23,28.32,1148
76.176,28.47,1128
76.067,28.63,1135
76.04,28.75,1124
75.931,28.92,1139
75.903,29.12,1222
75.794,29.38,1247
75.52,29.78,1258
75.219,30.3,1276
74.697,30.89,1255
74.31,31.32,1247
73.868,31.73,1239
73.59,32.09,1247
73.34,32.34,1192
73.451,32.38,1216
73.312,32.56,1192
73.145,32.79,1196
72.866,33.1,1193
73.034,32.98,1179
73.284,32.8,1111
73.368,32.76,1154
73.062,33,1136
73.145,32.91,685
73.479,32.59,333
73.868,32.21,271
74.283,31.88,183
74.227,31.84,149
74.366,31.7,174
74.504,31.59,139
74.531,31.18,81
75.164,30.27,67
75.575,29.7,18
75.712,29.46,3
75.739,29.34,3
75.712,29.23,4
75.794,29.08,4
75.821,28.99,4
75.903,28.88,4
76.012,28.8,0
75.985,28.73,2
76.012,28.67,0
75.931,28.66,15
75.931,28.66,5
76.23,28.74,3
76.339,28.42,3
76.937,27.88,5
77.315,27.52,4
77.854,27.05,0
78.177,26.96,5
78.043,27,5
77.908,27.02,5
77.747,27.06,0
77.693,27.04,7
77.827,26.82,4
78.016,26.66,3
78.069,26.66,4
78.096,26.62,4
78.123,26.6,4
78.15,26.57,3
78.123,26.58,5
78.15,26.6,3
78.096,26.62,4
78.15,26.57,4
78.177,26.58,4
78.204,26.58,5
78.177,26.6,4
78.177,26.64,3
78.177,26.72,3
78.177,26.75,11
78.123,26.84,7
77.989,26.94,3
77.908,27,4
77.935,26.96,4
77.908,26.99,0
77.962,26.9,4
78.069,26.84,4
78.069,26.82,3
78.096,26.77,0
78.123,26.72,17
78.177,26.71,1
78.177,26.73,4
78.15,26.78,2
78.15,26.78,4
78.204,26.73,5
78.284,26.66,4
78.364,26.56,0
78.472,26.5,4
78.552,26.5,12
78.498,26.56,0
78.498,26.59,5
78.579,26.5,4
78.605,26.5,1
78.632,26.42,14
78.712,26.35,38
78.659,26.41,78
78.659,26.44,123
78.632,26.48,197
78.632,26.49,284
78.605,26.62,378
78.445,26.81,483
78.284,27.01,552
78.177,27.21,664
78.043,27.4,701
78.016,27.55,842
77.962,27.72,922
77.827,27.9,976
77.693,28.05,1021
77.558,28.27,1094
77.369,28.53,1160
77.18,28.77,1126
77.207,28.91,1153
77.18,29.05,1183
76.991,29.37,1214
76.72,29.7,1184
76.747,29.78,1204
76.611,30,1204
75.52,30.89,1178
75.274,31.29,1272
74.531,31.84,1327
73.729,32.48,1233
73.895,32.56,1265
74.2,32.34,1282
74.2,32.47,1240
74.255,32.6,1242
73.84,32.87,1226
73.59,33.08,1244
74.089,32.82,1230
73.674,33.16,1230
73.729,33.24,1240
72.894,33.72,1259
73.646,33.19,1254
72.95,33.68,1267
73.117,33.55,1250
73.451,33.21,1151
73.729,33.33,1266
72.866,34,1263
72.643,33.87,1150
73.479,33.35,1168
73.479,33.33,1133
73.701,33.06,1101
73.812,32.98,1246
72.978,33.78,1177
72.838,33.74,1217
72.363,34.5,1194
71.576,35.08,1329
70.983,35.62,1259
71.801,35.34,1288
71.463,36.25,1363
70.643,37.13,1335
70.757,36.58,1325
70.558,36.57,1303
70.16,36.9,1283
70.075,36.71,1298
70.246,36.45,1245
70.785,35.85,1181
71.096,35.58,1206
70.842,35.61,1196
70.813,35.54,1177
70.785,35.39,1171
70.757,35.3,1160
70.643,35.37,1197
70.473,35.17,1138
70.615,34.9,1111
70.785,34.71,1164
71.012,34.54,1109
71.604,33.85,613
72.251,33.22,711
72.447,33,794
72.447,32.87,660
72.559,32.68,606
72.727,32.47,443
72.81,32.28,301
72.922,32.06,161
73.062,31.89,68
73.145,31.72,31
73.257,31.54,12
73.396,31.36,7
73.479,31.24,5
73.423,31.25,5
73.34,31.25,9
73.423,31.12,7
73.59,30.94,5
73.757,30.79,3
73.784,30.73,0
73.868,30.58,2
73.978,30.47,4
73.978,30.4,4
74.117,30.25,5
74.255,30.1,4
74.255,30.03,0
74.31,29.98,8
74.338,29.94,4
74.366,29.88,4
74.255,29.98,15
74.255,29.98,7
74.283,29.96,4
74.283,29.94,9
74.366,29.9,4
74.421,29.9,4
74.421,29.89,0
74.531,29.81,4
74.641,29.73,0
74.724,29.66,4
74.834,29.55,6
74.972,29.42,3
75.082,29.33,9
75.137,29.25,4
75.274,29.14,7
75.384,29.04,4
75.466,28.96,3
75.548,28.89,3
75.603,28.82,3
75.685,28.74,1
75.739,28.65,4
75.903,28.54,12
75.931,28.47,2
75.985,28.43,2
76.012,28.36,3
76.067,28.3,4
76.067,28.23,5
76.121,28.16,7
76.149,28.1,5
76.176,28.03,5
76.258,27.97,5
76.258,27.95,4
76.258,27.94,3
76.312,27.89,15
76.367,27.83,12
76.448,27.72,12
76.557,27.64,4
76.611,27.59,6
76.638,27.58,11
76.665,27.55,12
76.72,27.54,11
76.72,27.54,5
76.72,27.53,18
76.774,27.48,49
76.828,27.44,101
76.855,27.45,146
76.828,27.47,196
76.855,27.52,255
76.801,27.6,276
76.747,27.68,283
76.693,27.8,335
76.557,28.01,696
76.339,28.22,727
76.176,28.44,1009
76.094,28.56,478
76.203,28.56,569
76.203,28.59,617
76.149,28.72,684
76.094,28.81,778
75.985,28.96,969
75.739,29.23,1042
75.466,29.5,1105
75.219,29.81,1153
74.972,30.09,1147
74.614,30.41,1171
74.283,30.73,1195
73.479,31.43,1223
72.922,31.95,1239
72.978,31.99,1242
70.87,33.3,1359
71.745,32.74,1229
72.503,32.34,1141
73.089,31.94,1156
73.59,31.61,1116
73.951,31.33,1155
73.951,31.32,1184
73.006,32.06,1168
72.363,32.44,1202
71.745,33.03,1247
71.125,33.3,1173
72.139,32.71,1157
72.755,32.35,1135
71.576,33.39,1099
70.217,34.17,1244
70.445,33.98,1159
71.661,32.99,1049
72.475,32.43,1031
72.81,32.27,1161
71.998,33.19,1270
70.502,34.45,1251
69.619,34.76,1262
70.018,34.82,1282
70.445,34.46,1173
70.785,34.38,1231
71.04,34.08,1104
71.548,33.61,1078
71.294,34.22,1357
70.672,34.66,1291
71.012,34.82,1380
70.473,35.35,1204
70.16,36.3,1335
68.788,37.21,1260
68.731,36.88,1165
68.932,36.58,1262
69.075,36.58,1230
68.932,36.6,1225
69.075,36.3,1219
69.161,36.2,1196
69.247,36.05,1138
70.018,35.16,1089
70.331,34.83,1111
70.7,34.34,1144
70.813,34.25,1165
70.643,34.33,1162
70.813,34.04,1076
71.153,33.71,1116
71.068,33.71,1001
71.209,33.47,1040
71.125,33.47,1011
71.266,33.27,833
71.463,33.05,585
71.604,32.83,403
71.773,32.59,259
71.914,32.41,147
71.998,32.2,72
72.11,32.03,30
72.223,31.86,6
72.223,31.78,16
72.251,31.66,4
72.307,31.5,0
72.363,31.37,5
72.503,31.21,5
72.531,31.12,4
72.503,31.05,7
72.615,30.9,4
72.755,30.72,4
72.838,30.6,15
72.922,30.47,12
73.006,30.33,4
73.117,30.2,0
73.117,30.14,12
73.257,29.97,5
73.34,29.88,4
73.34,29.86,4
73.284,29.84,4
73.396,29.72,5
73.479,29.61,4
73.59,29.46,4
73.729,29.34,0
73.729,29.32,2
73.674,29.31,4
73.729,29.24,1
73.757,29.2,4
73.84,29.09,5
73.978,28.92,4
74.172,28.75,6
74.255,28.65,5
74.366,28.55,5
74.393,28.47,4
74.393,28.48,0
74.366,28.48,0
74.448,28.35,4
74.559,28.25,5
74.641,28.14,5
74.752,28.04,4
74.862,27.94,5
74.807,27.96,4
74.807,27.91,4
74.917,27.78,9
74.972,27.71,4
75.027,27.65,23
75.027,27.62,5
75.054,27.6,4
75.082,27.54,3
75.137,27.49,3
75.109,27.47,1
75.164,27.41,4
75.246,27.31,4
75.329,27.26,4
75.356,27.21,4
75.438,27.16,0
75.52,27.08,2
75.575,27,6
75.685,26.94,2
75.739,26.88,4
75.821,26.79,11
75.903,26.75,15
75.985,26.68,30
76.04,26.64,69
76.067,26.62,105
76.067,26.66,139
76.04,26.72,179
75.958,26.88,211
75.876,27.03,242
75.63,27.31,289
75.466,27.53,341
75.301,27.76,395
75.246,27.9,442
75.219,28.07,487
75.054,28.26,507
74.972,28.44,632
74.917,28.62,757
74.807,28.83,990
74.697,29.08,1064
74.448,29.34,848
74.2,29.71,1175
73.923,30.1,1137
73.729,30.36,1162
73.562,30.75,1223
73.201,31.11,1126
72.922,31.32,1160
73.062,31.3,1155
72.531,31.85,1312
72.195,32.29,1337
71.52,32.63,1194
72.531,32,1156
73.034,31.67,1187
72.782,31.93,1149
73.145,31.64,1133
73.312,31.6,1193
72.866,31.96,1238
71.801,32.93,1247
70.842,33.96,1249
70.189,34.17,1122
71.294,33.62,1275
70.955,33.9,1182
70.955,34.04,1259
70.927,33.8,1219
71.463,33.4,1207
70.388,34.6,1259
70.955,33.93,816
71.97,33.3,1268
70.785,34.35,1261
70.587,34.55,1191
70.388,34.87,1263
70.018,35.29,1301
69.533,35.81,1229
69.904,35.4,1219
70.672,34.81,1197
70.927,34.66,1246
71.181,34.13,1087
71.717,33.56,1160
71.914,33.35,1155
71.773,33.35,1170
71.576,33.5,1190
71.548,33.39,1096
71.012,34.29,1269
69.762,35.04,1178
70.7,34.2,1234
70.473,34.52,1232
70.075,34.82,1198
70.615,34.33,1155
70.672,34.26,1112
71.125,33.81,1188
70.785,34.09,1183
70.502,34.27,1158
70.502,34.3,1195
70.445,34.3,1133
70.927,33.74,1129
71.351,33.36,1115
71.294,33.33,1052
71.463,33.04,882
71.745,32.65,627
71.886,32.47,427
71.998,32.29,334
72.195,32.03,297
72.307,31.86,258
72.391,31.68,162
72.503,31.5,97
72.643,31.34,51
72.727,31.19,14
72.81,31.07,4
72.866,30.94,5
72.978,30.82,5
73.006,30.74,4
73.062,30.66,0
73.117,30.59,5
73.145,30.53,5
73.229,30.44,7
73.284,30.36,2
73.34,30.28,5
73.396,30.19,4
73.479,30.13,4
73.562,30.05,4
73.59,29.99,4
73.618,29.97,3
73.674,29.89,4
73.729,29.82,4
73.812,29.72,3
73.951,29.6,0
74.034,29.52,0
74.089,29.44,3
74.145,29.37,0
74.2,29.32,4
74.227,29.26,4
74.31,29.21,0
74.393,29.12,0
74.366,29.14,4
74.366,29.15,5
74.393,29.13,5
74.421,29.08,4
74.448,29.11,5
74.448,29.13,3
74.504,29.08,5
74.531,29.04,20
74.641,29.03,11
74.669,28.98,4
74.752,28.99,3
74.779,28.97,5
74.807,28.98,4
74.834,29.01,0
74.917,29.01,4
75.054,28.79,3
75.329,28.59,2
75.329,28.63,16
75.329,28.68,5
75.301,28.71,0
75.301,28.73,5
75.329,28.74,4
75.356,28.76,5
75.384,28.77,5
75.411,28.54,4
76.611,27.49,5
77.234,26.95,13
77.396,26.77,4
77.477,26.71,5
77.423,26.67,4
77.531,26.54,4
77.774,26.42,3
77.881,26.37,6
77.854,26.38,33
77.881,26.44,39
77.962,26.51,42
78.15,26.38,103
78.23,26.33,318
78.204,26.38,355
78.204,26.36,38
78.257,26.34,72
78.257,26.37,561
78.257,26.44,439
78.284,26.47,528
78.257,26.47,414
78.418,26.42,289
78.552,26.41,349
78.605,26.46,357
78.605,26.53,381
78.579,26.57,206
78.605,26.65,274
78.632,26.68,356
78.659,26.71,366
78.712,26.8,489
78.712,26.91,372
78.712,26.98,971
78.712,26.9,1117
78.926,27.02,1076
78.872,27.15,1148
78.605,27.47,1103
78.418,27.62,1136
78.391,27.71,1132
78.23,27.87,1103
78.23,27.83,1072
78.204,27.88,540
78.338,27.63,1060
78.819,27.42,1227
78.579,27.87,1252
78.338,28.23,1255
77.881,28.56,1234
77.585,28.79,1239
77.747,28.62,1176
78.016,28.47,1236
77.774,28.76,1240
77.585,29.03,1231
77.369,29.2,1215
77.45,29.13,529
77.747,29.05,1172
77.558,29.22,1151
77.585,29.13,602
77.854,28.88,1055
77.827,28.81,1081
78.096,28.27,543
79.139,27.31,412
79.564,26.95,968
79.564,27.04,1146
79.325,27.22,1134
79.352,27.34,1161
79.192,27.56,1103
79.166,27.67,1179
79.086,27.91,1039
79.086,27.92,1126
79.086,28.06,1113
79.086,28.2,1146
79.006,28.32,1206
78.872,28.4,1133
78.766,28.57,1168
78.659,28.73,1205
78.472,28.91,1199
78.311,29.04,1205
78.23,29.12,1194
78.338,28.94,1131
78.525,28.82,1069
78.498,28.78,737
78.579,28.66,138
78.766,28.53,187
78.712,28.51,71
78.712,28.48,47
78.846,28.25,151
79.564,27.52,111
80.12,27.03,63
80.226,26.86,44
80.252,26.76,56
80.384,26.6,51
80.437,26.5,35
80.516,26.49,16
80.542,26.7,7
80.595,26.84,3
80.7,26.93,3
80.648,26.97,4
80.832,26.85,3
81.042,26.87,1
81.016,26.88,4
81.042,26.93,4
81.042,26.96,4
81.147,26.94,2
81.199,26.88,31
81.199,26.82,2
81.251,26.76,4
81.278,26.74,23
81.356,26.65,3
81.513,26.56,10
81.539,26.52,5
81.565,26.51,3
81.617,26.49,13
81.67,26.48,5
81.774,26.42,13
81.904,26.39,4
81.956,26.39,0
81.878,26.46,6
81.878,26.52,6
81.826,26.54,5
81.774,26.57,4
81.774,26.6,3
81.748,26.62,4
81.722,26.61,0
81.67,26.67,3
81.513,26.73,1
81.487,26.76,11
81.408,26.9,4
81.251,26.95,0
81.225,26.96,5
81.251,26.91,5
81.304,26.88,4
81.33,26.8,4
81.33,26.82,0
81.304,26.83,4
81.251,26.79,4
81.304,26.71,4
81.382,26.68,0
81.356,26.69,6
81.435,26.56,4
81.513,26.58,4
81.278,26.8,4
81.225,26.77,10
81.408,26.58,0
81.539,26.52,4
81.513,26.57,4
81.487,26.57,1
81.591,26.52,0
81.461,26.69,5
81.304,26.82,4
81.225,26.96,4
81.199,27,2
81.278,26.94,3
81.278,26.95,3
81.251,26.98,5
81.278,26.95,11
81.304,26.96,28
81.278,26.96,59
81.304,26.97,110
81.278,26.99,153
81.251,27.06,200
81.147,27.16,213
81.12,27.25,232
81.094,27.34,308
81.016,27.4,328
80.989,27.57,349
80.884,27.68,390
80.832,27.8,449
80.753,27.9,508
80.753,28,599
80.7,28.08,687
80.648,28.19,816
80.621,28.3,999
80.463,28.44,1023
80.358,28.59,1069
80.12,28.83,1123
79.803,29.1,1158
79.617,29.33,1181
79.112,29.77,1201
77.962,30.38,1205
78.579,30.3,1213
78.391,30.5,1359
74.586,32.71,1375
73.646,33.26,1301
76.421,31.74,1226
77.072,31.58,1222
77.072,31.63,1252
76.693,32.03,1234
76.557,32.04,1229
76.665,32.16,1234
76.557,32.36,1236
76.203,32.64,1224
75.876,32.93,1224
75.575,33.21,1245
75.137,33.62,1238
75.164,33.6,1240
74.917,33.7,1238
75.082,33.69,1239
75.219,33.87,1235
75.082,33.82,1239
74.972,33.9,1240
74.972,33.79,1240
74.779,34.18,1241
74.614,34.43,1246
74.531,34.5,1306
74.421,34.79,1327
74.421,35.18,1340
74.586,35.57,1326
74.448,35.85,1328
74.283,35.88,1337
74.641,36.23,1242
74.862,36.8,1365
74.476,37.16,1348
73.923,37.32,1341
73.479,37.34,1312
72.699,36.5,1213
73.145,35.89,1216
73.479,35.62,1232
73.646,35.26,1191
73.618,35.23,1185
73.59,35.22,1180
73.618,35.1,1171
73.701,34.98,1182
73.757,34.85,1158
73.812,34.74,1149
73.868,34.53,1149
74.034,34.41,1120
74.172,34.25,1133
74.227,34.11,1069
74.366,33.94,1035
74.421,33.77,971
74.586,33.63,881
74.697,33.44,662
74.862,33.27,559
74.834,33.19,162
74.779,33.16,169
74.862,32.99,99
74.999,32.82,47
75.137,32.68,24
75.164,32.61,7
75.329,32.44,4
75.52,32.22,4
75.712,32.02,4
75.739,31.96,0
75.958,31.75,4
76.04,31.66,5
76.121,31.55,5
76.203,31.45,5
76.285,31.34,4
76.339,31.27,5
76.421,31.15,4
76.503,31.06,8
76.584,30.96,4
76.665,30.87,14
76.72,30.78,4
76.801,30.7,7
76.882,30.6,4
76.991,30.51,5
77.045,30.43,4
77.126,30.39,7
77.207,30.29,4
77.261,30.23,5
77.369,30.13,5
77.477,30.04,4
77.531,30.03,4
77.531,30.01,5
77.558,30,0
77.558,30,2
77.558,30,7
77.558,29.98,30
77.612,29.94,0
77.693,29.87,4
77.774,29.77,4
77.827,29.78,4
77.801,29.8,0
77.801,29.81,9
77.827,29.78,0
77.854,29.77,0
77.881,29.76,3
77.908,29.73,5
77.962,29.69,0
77.989,29.64,9
78.043,29.61,0
78.096,29.55,12
78.177,29.49,3
78.204,29.45,4
78.23,29.44,3
78.284,29.4,7
78.284,29.38,4
78.338,29.34,4
78.338,29.3,3
78.391,29.24,4
78.498,29.14,1
78.552,29.1,4
78.632,29.02,4
78.659,29.03,0
78.686,29.03,4
78.739,28.98,4
78.739,28.95,4
78.792,28.94,11
78.792,28.92,82
78.792,28.9,114
78.819,28.89,180
78.872,28.87,211
78.872,28.88,252
78.872,28.9,292
78.846,28.96,322
78.766,29.02,351
78.739,29.09,391
78.686,29.15,430
78.659,29.21,480
78.579,29.29,570
78.498,29.39,714
78.418,29.5,771
78.364,29.61,898
78.284,29.74,1026
78.069,29.98,1110
77.854,30.2,1134
77.693,30.39,1119
77.477,30.66,1150
77.369,30.84,1172
76.72,31.31,1205
75.548,32.05,1204
75.985,32.06,1225
75.985,32.26,1247
73.257,34.05,1358
72.419,34.48,1243
74.641,33.41,1218
74.889,33.44,1224
74.862,33.56,1257
74.614,33.74,1228
74.255,33.97,1228
74.724,33.79,1233
74.504,34.09,1224
74.283,34.44,1237
73.812,34.74,1231
74.283,34.46,1231
73.618,35.04,1231
73.451,35.2,1232
73.062,35.51,1228
73.396,35.5,1233
73.257,35.64,1204
73.257,35.71,1228
73.173,35.89,1224
73.117,35.95,1228
72.922,36.12,1238
72.755,36.16,1233
72.755,36.17,1316
72.615,36.51,1315
72.475,36.9,1302
72.503,37.2,1382
72.279,37.63,1329
71.998,37.65,1321
72.531,37.93,1230
72.699,38.41,1353
72.195,38.56,1341
71.717,38.94,1284
71.294,38.8,1293
70.785,38.47,1191
71.181,37.74,1198
71.576,37.25,1205
71.858,36.91,1191
71.914,36.67,1221
71.998,36.47,1181
72.11,36.27,1177
72.167,36.07,1171
72.223,35.91,1172
72.307,35.75,1157
72.419,35.58,1149
72.475,35.37,1130
72.643,35.15,1128
72.699,35.02,1099
72.727,34.9,1084
72.81,34.74,1011
72.978,34.53,916
73.117,34.27,566
73.284,34.03,453
73.507,33.8,293
73.59,33.6,204
73.646,33.47,92
73.812,33.26,54
73.84,33.13,19
74.062,32.89,8
74.2,32.73,15
74.2,32.68,0
74.227,32.63,5
74.034,32.78,0
73.868,32.92,5
73.923,32.8,0
73.951,32.81,5
73.951,32.76,12
73.978,32.7,1
74.089,32.61,4
74.145,32.54,6
74.172,32.46,1
74.31,32.31,5
74.421,32.19,4
74.504,32.04,7
74.669,31.87,2
74.807,31.73,9
74.917,31.58,4
75.027,31.45,6
75.109,31.36,6
75.192,31.23,6
75.301,31.11,2
75.329,31.04,7
75.411,30.94,4
75.466,30.84,5
75.575,30.72,1
75.63,30.67,0
75.712,30.61,4
75.767,30.52,5
75.876,30.39,3
76.012,30.28,5
76.04,30.22,4
76.094,30.17,3
76.149,30.13,13
76.121,30.14,4
76.203,30.05,4
76.339,29.94,4
76.421,29.89,4
76.448,29.84,4
76.448,29.83,5
76.448,29.81,0
76.557,29.72,4
76.638,29.65,0
76.693,29.61,4
76.665,29.6,4
76.774,29.49,16
76.855,29.45,4
76.882,29.43,6
76.91,29.37,12
76.991,29.3,5
77.018,29.26,0
77.153,29.15,3
77.18,29.13,5
77.234,29.08,4
77.315,29.03,0
77.369,28.98,4
77.423,28.94,0
77.45,28.91,0
77.531,28.88,5
77.504,28.89,0
77.585,28.87,9
77.612,28.87,62
77.585,28.89,129
77.612,28.9,202
77.585,28.98,289
77.558,29.04,376
77.531,29.14,451
77.477,29.25,570
77.423,29.34,646
77.369,29.46,756
77.261,29.61,881
77.18,29.74,914
77.126,29.86,950
77.099,29.97,1060
76.964,30.17,1092
76.882,30.34,1114
76.693,30.58,1119
76.584,30.76,1130
76.448,30.98,1157
76.23,31.19,1152
76.149,31.38,1194
75.876,31.75,1197
75.657,31.98,1170
74.917,32.46,1202
75.082,32.57,1217
75.164,32.7,1243
73.006,34.11,1358
72.782,34.3,1232
73.868,33.94,1227
74.283,33.78,1179
74.834,33.54,1213
74.641,33.69,1220
74.476,33.92,1230
74.255,34.21,1220
74.531,33.91,1100
75.438,33.34,1237
74.2,34.44,1236
73.368,35.23,1261
72.978,35.62,1243
72.894,35.82,1236
72.307,36.32,1232
73.59,35.15,1119
73.618,35.41,1243
72.503,36.01,1255
72.335,35.91,1161
73.423,35.18,1166
73.34,35.37,1201
73.396,35.33,1193
74.172,34.41,1148
75.054,33.45,1163
75.301,33.17,1242
75.192,33.03,1135
75.301,32.86,1116
75.329,32.79,1100
75.164,32.88,1106
75.109,33.33,1253
74.697,33.46,1315
74.283,34.64,1362
73.284,35.52,1314
72.615,35.66,1230
72.615,35.62,1228
72.587,35.73,1232
72.615,35.7,1210
72.894,35.6,1204
73.034,35.4,1117
73.646,34.89,1143
73.757,34.87,1201
73.451,35.07,1176
73.423,35.08,1168
73.646,34.8,1040
74.089,34.4,893
74.366,34.06,872
74.531,33.86,895
74.724,33.66,566
74.779,33.5,171
74.889,33.31,171
74.972,33.16,125
75.082,32.99,100
75.164,32.85,92
75.219,32.78,109
75.192,32.7,84
75.164,32.66,30
75.301,32.49,8
75.274,32.45,5
75.301,32.49,12
74.917,32.74,4
74.834,32.84,5
74.697,32.91,11
74.752,32.73,2
74.807,32.54,13
74.944,32.38,5
75.027,32.2,4
75.109,32.05,4
75.192,31.93,8
75.246,31.84,16
75.301,31.73,1
75.411,31.56,7
75.548,31.41,5
75.685,31.28,3
75.712,31.21,3
75.767,31.08,4
75.767,31.04,5
75.794,31.02,4
75.794,31.05,4
75.794,31.04,0
75.849,30.97,5
76.012,30.82,6
76.23,30.62,12
76.339,30.55,4
76.421,30.47,1
76.448,30.43,5
76.557,30.32,4
76.638,30.24,6
76.638,30.27,4
76.557,30.32,0
76.53,30.35,5
76.584,30.32,4
76.638,30.25,3
76.72,30.21,5
76.72,30.2,13
76.828,30.05,4
77.045,29.89,0
77.099,29.84,8
77.126,29.78,5
77.207,29.68,5
77.315,29.56,4
77.396,29.5,0
77.423,29.45,5
77.45,29.43,4
77.531,29.33,4
77.639,29.24,17
77.666,29.19,0
77.72,29.17,8
77.72,29.13,1
77.747,29.12,4
77.801,29.08,5
77.827,29.05,3
77.854,29.03,3
77.881,29.01,4
77.935,28.99,4
78.016,28.95,3
78.043,28.89,13
78.15,28.84,9
78.23,28.78,27
78.284,28.76,62
78.257,28.76,128
78.284,28.78,189
78.284,28.81,288
78.257,28.87,328
78.204,28.97,479
78.15,29.05,546
78.069,29.17,648
77.962,29.33,938
77.881,29.49,908
77.774,29.66,948
77.747,29.77,1039
77.666,29.91,1077
77.666,29.94,1006
77.531,30.18,1156
77.234,30.48,1106
77.18,30.56,1107
77.153,30.68,1158
77.099,30.72,1133
77.045,30.86,1147
76.937,31.02,1189
76.665,31.29,1174
76.693,31.34,1208
75.657,32.27,1234
75.384,32.62,1241
72.81,34.25,1233
73.396,34.12,1230
74.944,33.21,1199
75.082,33.3,1248
74.917,33.34,1239
74.559,33.88,1248
73.84,34.5,1243
73.701,34.63,1235
73.784,34.76,1258
73.117,35.22,1229
72.866,35.57,1234
72.866,35.64,1235
72.922,35.7,1243
72.699,35.81,1247
72.782,35.89,1238
72.643,36.08,1245
72.671,36.15,1185
73.201,35.69,1250
72.587,36.14,1188
72.95,35.76,1184
73.368,35.38,1168
72.922,35.86,1257
72.307,36.5,1297
71.717,37.03,1267
72.307,36.77,1364
72.054,37.12,1326
72.139,36.89,1187
72.615,36.58,1308
72.475,36.66,1136
73.284,36.4,1372
72.279,37.55,1317
71.858,36.95,1101
72.615,35.99,1316
72.054,36.46,1139
72.419,35.93,1191
72.335,35.95,1214
72.082,35.99,1191
72.251,35.85,1209
72.307,35.62,1114
72.447,35.45,1060
72.643,35.25,1164
72.139,35.58,1138
72.082,35.62,1168
71.942,35.68,1109
71.886,35.62,1146
71.83,35.63,1092
71.914,35.48,1034
72.167,35.2,1097
72.251,35.09,1065
72.251,35.01,680
72.503,34.71,427
72.782,34.38,216
73.062,34.02,155
73.257,33.75,120
73.312,33.59,80
73.396,33.4,34
73.451,33.24,15
73.507,33.09,6
73.562,32.92,20
73.701,32.74,0
73.729,32.63,0
73.784,32.53,4
73.868,32.38,4
73.757,32.38,4
73.646,32.33,4
73.535,32.27,4
73.59,32.14,3
73.59,32.04,4
73.701,31.86,4
73.812,31.72,0
73.895,31.57,4
73.923,31.5,0
73.951,31.42,6
74.006,31.28,5
74.117,31.17,5
74.145,31.09,9
74.283,30.92,4
74.338,30.82,3
74.393,30.74,4
74.531,30.59,5
74.559,30.51,4
74.559,30.45,5
74.504,30.4,4
74.476,30.32,9
74.531,30.21,10
74.669,30.03,9
74.807,29.9,0
74.807,29.84,23
74.807,29.81,4
74.834,29.76,5
74.944,29.68,0
75.027,29.56,4
75.164,29.42,4
75.301,29.31,4
75.384,29.22,4
75.466,29.14,5
75.466,29.15,4
75.493,29.12,0
75.575,29.06,5
75.603,29.06,5
75.657,29,8
75.712,28.97,6
75.712,28.95,6
75.739,28.91,7
75.767,28.91,5
75.794,28.89,5
75.849,28.81,5
76.012,28.7,1
76.094,28.6,4
76.203,28.51,0
76.285,28.43,4
76.367,28.32,5
76.448,28.23,1
76.503,28.18,4
76.557,28.14,2
76.611,28.09,5
76.72,28,3
76.828,27.88,0
76.91,27.84,22
76.937,27.84,51
76.91,27.88,97
76.882,27.9,137
76.91,27.93,170
76.91,27.94,198
76.882,28.05,221
76.801,28.14,242
76.774,28.23,289
76.693,28.4,326
76.638,28.5,358
76.584,28.6,403
76.557,28.7,466
76.475,28.86,551
76.339,29.06,645
76.149,29.26,747
76.094,29.45,895
75.903,29.66,991
75.657,29.94,1060
75.384,30.26,1115
75.219,30.55,1144
75.164,30.64,1180
74.448,31.32,1003
73.201,32.02,1207
73.784,31.96,1287
73.618,32.23,1191
71.04,33.82,1105
72.139,33.58,1244
72.391,33.5,1231
72.419,33.63,1251
72.279,33.87,1238
71.745,34.39,1196
71.689,34.44,1278
71.604,34.54,1227
71.435,34.87,1230
71.181,35.12,1233
70.757,35.53,1236
70.473,35.77,1223
70.303,36.1,1225
70.217,36.35,1223
70.047,36.36,1223
70.075,36.47,1225
70.047,36.48,1235
70.132,36.48,1222
69.961,36.57,1226
69.819,36.76,1229
69.39,36.81,1237
69.476,36.77,1234
69.018,37.24,1277
69.075,37.14,1320
69.247,37.23,1335
69.132,37.56,1351
68.903,37.74,1176
69.533,36.9,1176
70.388,36.96,1264
69.933,37.84,1348
69.476,38.37,1334
68.817,38.56,1335
68.443,38.41,1226
68.27,37.8,1218
68.702,37.25,1212
68.96,37,1203
69.046,36.86,1220
69.018,36.78,1204
69.046,36.48,1184
69.362,36.07,1162
69.419,35.83,1181
69.419,35.77,1181
69.276,35.84,1192
69.533,35.49,1143
69.676,35.37,1152
69.847,35.1,871
70.16,34.78,1058
70.246,34.67,1072
70.16,34.62,944
70.246,34.48,957
70.274,34.37,965
70.274,34.36,772
70.388,34.11,420
70.785,33.62,326
71.351,32.98,263
71.773,32.57,263
71.914,32.4,171
71.97,32.27,0
72.11,32.14,6
72.139,32.08,3
72.195,31.98,4
72.139,31.98,3
72.082,31.92,4
72.11,31.84,0
72.026,31.84,3
72.139,31.73,4
72.251,31.62,4
72.307,31.52,9
72.419,31.41,4
72.475,31.34,0
72.587,31.22,0
72.671,31.14,5
72.699,31.1,0
72.838,30.97,5
72.978,30.88,5
72.978,30.88,0
73.034,30.82,5
73.089,30.75,4
73.173,30.7,4
73.257,30.64,4
73.284,30.61,3
73.368,30.54,3
73.423,30.5,4
73.535,30.43,0
73.535,30.38,5
73.674,30.3,4
73.701,30.28,1
73.784,30.23,5
73.84,30.18,4
73.868,30.14,5
73.923,30.14,6
73.868,30.22,4
73.84,30.23,4
73.923,30.15,5
74.006,30.06,5
74.172,29.93,0
74.283,29.82,4
74.421,29.7,3
74.559,29.6,11
74.586,29.57,4
74.641,29.5,3
74.752,29.44,4
74.697,29.46,4
74.724,29.46,2
74.807,29.36,4
74.862,29.28,5
74.917,29.22,0
75.054,29.1,4
75.137,29.02,6
75.137,29.01,0
75.164,28.97,4
75.219,28.94,4
75.219,28.92,2
75.246,28.9,4
75.274,28.82,3
75.329,28.77,4
75.356,28.73,2
75.384,28.72,6
75.384,28.7,25
75.411,28.64,43
75.466,28.56,123
75.52,28.54,159
75.493,28.53,239
75.548,28.45,269
75.603,28.41,352
75.603,28.46,430
75.52,28.55,503
75.466,28.67,468
75.384,28.76,547
75.301,28.87,606
75.219,28.99,685
75.054,29.18,988
74.944,29.34,722
74.972,29.32,925
74.889,29.43,1058
74.697,29.66,1139
74.338,29.94,1019
74.476,29.92,1147
74.2,30.21,1079
74.062,30.3,1099
73.812,30.7,1247
72.082,31.9,1189
72.587,31.76,1236
72.419,32.08,1303
71.435,32.55,1301
71.209,33.07,1248
71.294,33.21,1159
71.689,33.11,1190
71.294,33.61,1238
71.435,33.36,1290
71.322,33.64,1245
70.898,34.13,1242
70.842,34.3,1241
70.189,34.79,1254
70.132,35.02,1241
69.79,35.41,1239
69.79,35.24,1235
69.647,35.64,1240
69.218,35.99,1183
69.533,35.74,1237
69.79,35.62,1245
69.218,36.09,1246
68.989,36.29,1243
68.759,36.48,1238
68.731,36.4,1260
68.472,36.74,1249
68.788,35.94,1181
69.876,34.96,1206
70.643,34.23,1147
70.927,33.98,1148
70.672,34.85,1255
69.733,35.61,1378
69.733,36.56,1257
69.247,37.29,1359
68.759,37.72,1328
68.299,37.4,1331
68.213,37.31,1284
67.895,36.82,1215
68.328,36.12,1216
68.443,35.93,1210
68.443,35.77,1207
68.616,35.26,1204
68.616,35.02,1237
68.731,34.89,1192
68.702,34.96,1187
68.788,34.71,1168
68.846,34.57,1189
68.817,34.51,1152
68.903,34.3,1131
68.96,34.17,1115
69.046,34.05,1073
69.161,33.95,1032
69.19,33.88,960
69.161,33.72,860
69.304,33.48,687
69.505,33.33,523
69.676,33.15,366
69.876,32.94,216
69.961,32.78,106
70.132,32.58,51
70.303,32.36,10
70.558,32.11,5
70.728,31.9,1
70.87,31.71,11
70.87,31.68,1
70.898,31.61,5
70.983,31.49,0
71.238,31.22,4
71.463,31.01,4
71.633,30.85,8
71.773,30.69,2
71.97,30.56,4
71.998,30.51,4
71.858,30.65,12
71.604,30.88,9
71.435,31.06,4
71.379,31.11,4
71.379,31.14,5
71.209,31.4,2
71.153,31.48,5
71.294,31.4,4
71.407,31.34,4
71.604,31.25,5
71.689,31.2,14
71.745,31.17,4
71.83,31.08,7
71.858,31.05,0
71.914,30.98,4
71.942,30.93,4
71.942,30.89,4
